{"name":"000000","timestamp":0,"index":0,"labels":[{"id":1,"category":"pedestrian","box3d":{"dimension":{"width":0.7022103,"length":0.7884965,"height":1.7232126},"location":{"x":11.202836760619833,"y":5.243916248717501,"z":1.2457138319158951},"orientation":{"rotationYaw":1.76986608671702,"rotationPitch":0,"rotationRoll":0}}},{"id":3,"category":"car","box3d":{"dimension":{"width":1.9625269,"length":4.09,"height":1.735106},"location":{"x":10.702796426124385,"y":-4.542906338686336,"z":1.122293117737239},"orientation":{"rotationYaw":-0.04,"rotationPitch":0,"rotationRoll":0}}},{"id":0,"category":"pedestrian","box3d":{"dimension":{"width":1.06,"length":0.9500000000000001,"height":1.27},"location":{"x":9.080818903320313,"y":-2.9091585972722984,"z":0.9232200198733516},"orientation":{"rotationYaw":0,"rotationPitch":0,"rotationRoll":0}}}]}