{"name":"000040","timestamp":0,"index":40,"labels":[{"id":0,"category":"car","box3d":{"dimension":{"width":1.92,"length":4.84,"height":1.468628},"location":{"x":13.939039381102113,"y":-6.196912029385333,"z":1.1795738070591308},"orientation":{"rotationYaw":-0.18,"rotationPitch":0,"rotationRoll":0}}},{"id":3,"category":"car","box3d":{"dimension":{"width":1.9626642,"length":4.764335,"height":1.6738877},"location":{"x":8.395674397845063,"y":-4.829511699956382,"z":1.2385629594810617},"orientation":{"rotationYaw":-0.17999999999999997,"rotationPitch":0,"rotationRoll":0}}}]}