{"name":"000042","timestamp":0,"index":42,"labels":[{"id":3,"category":"car","box3d":{"dimension":{"width":1.9626642,"length":4.764335,"height":1.6738877},"location":{"x":7.708174397845063,"y":-4.898835790077666,"z":1.2385628901538936},"orientation":{"rotationYaw":-0.17999999999999997,"rotationPitch":0,"rotationRoll":0}}},{"id":0,"category":"car","box3d":{"dimension":{"width":1.92,"length":4.84,"height":1.468628},"location":{"x":13.314039381102113,"y":-6.243128089466188,"z":1.179573760841014},"orientation":{"rotationYaw":-0.17999999999999997,"rotationPitch":0,"rotationRoll":0}}}]}