{"name":"000002","timestamp":0,"index":2,"labels":[{"id":1,"category":"pedestrian","box3d":{"dimension":{"width":0.7022103,"length":0.7884965,"height":1.7232126},"location":{"x":10.543375611450962,"y":4.930431374638867,"z":1.245713518417085},"orientation":{"rotationYaw":1.76986608671702,"rotationPitch":0,"rotationRoll":0}}},{"id":0,"category":"pedestrian","box3d":{"dimension":{"width":1.06,"length":0.9500000000000001,"height":1.27},"location":{"x":8.389954842286244,"y":-2.978821902623106,"z":0.9232199502069497},"orientation":{"rotationYaw":0,"rotationPitch":0,"rotationRoll":0}}},{"id":3,"category":"car","box3d":{"dimension":{"width":1.9625269,"length":4.09,"height":1.735106},"location":{"x":10.074738188820689,"y":-4.612569644037148,"z":1.12229304807084},"orientation":{"rotationYaw":-0.04,"rotationPitch":0,"rotationRoll":0}}}]}