{"name":"000045","timestamp":0,"index":45,"labels":[{"id":3,"category":"car","box3d":{"dimension":{"width":1.9626642,"length":4.764335,"height":1.6738877},"location":{"x":6.676924397845064,"y":-5.002821925259591,"z":1.2385627861631394},"orientation":{"rotationYaw":-0.17999999999999997,"rotationPitch":0,"rotationRoll":0}}},{"id":0,"category":"car","box3d":{"dimension":{"width":1.92,"length":4.84,"height":1.468628},"location":{"x":12.376539381102114,"y":-6.173803999344906,"z":1.179573830168184},"orientation":{"rotationYaw":-0.17999999999999997,"rotationPitch":0,"rotationRoll":0}}}]}