{"name":"000004","timestamp":0,"index":4,"labels":[{"id":1,"category":"pedestrian","box3d":{"dimension":{"width":0.7022103,"length":0.7884965,"height":1.7232126},"location":{"x":10.072331933473189,"y":5.03492633266508,"z":1.2457136229166879},"orientation":{"rotationYaw":1.76986608671702,"rotationPitch":0,"rotationRoll":0}}},{"id":0,"category":"pedestrian","box3d":{"dimension":{"width":1.06,"length":0.9500000000000001,"height":1.27},"location":{"x":7.761896604982544,"y":-3.0136535552985095,"z":0.9232199153737488},"orientation":{"rotationYaw":0,"rotationPitch":0,"rotationRoll":0}}},{"id":3,"category":"car","box3d":{"dimension":{"width":1.9625269,"length":4.09,"height":1.735106},"location":{"x":9.4309784955844,"y":-4.6474012967125535,"z":1.1222930132376403},"orientation":{"rotationYaw":-0.04,"rotationPitch":0,"rotationRoll":0}}}]}