{"name":"000009","timestamp":0,"index":9,"labels":[{"id":0,"category":"pedestrian","box3d":{"dimension":{"width":1.06,"length":0.9500000000000001,"height":1.27},"location":{"x":6.097542276127746,"y":-3.083316860649317,"z":0.9232198457073469},"orientation":{"rotationYaw":0,"rotationPitch":0,"rotationRoll":0}}},{"id":3,"category":"car","box3d":{"dimension":{"width":1.9625269,"length":4.09,"height":1.735106},"location":{"x":7.688116887066648,"y":-4.5429063386863415,"z":1.1222931177372413},"orientation":{"rotationYaw":-0.04,"rotationPitch":0,"rotationRoll":0}}}]}