{"name":"000003","timestamp":0,"index":3,"labels":[{"id":1,"category":"pedestrian","box3d":{"dimension":{"width":0.7022103,"length":0.7884965,"height":1.7232126},"location":{"x":10.307853772462074,"y":4.982678853651974,"z":1.2457135706668865},"orientation":{"rotationYaw":1.76986608671702,"rotationPitch":0,"rotationRoll":0}}},{"id":0,"category":"pedestrian","box3d":{"dimension":{"width":1.06,"length":0.9500000000000001,"height":1.27},"location":{"x":8.044522811769209,"y":-3.0136535552985095,"z":0.9232199153737488},"orientation":{"rotationYaw":0,"rotationPitch":0,"rotationRoll":0}}},{"id":3,"category":"car","box3d":{"dimension":{"width":1.9625269,"length":4.09,"height":1.735106},"location":{"x":9.76070907016884,"y":-4.6474012967125535,"z":1.1222930132376403},"orientation":{"rotationYaw":-0.04,"rotationPitch":0,"rotationRoll":0}}}]}