{"name":"000044","timestamp":0,"index":44,"labels":[{"id":3,"category":"car","box3d":{"dimension":{"width":1.9626642,"length":4.764335,"height":1.6738877},"location":{"x":7.020674397845062,"y":-4.96815988019895,"z":1.2385628208267256},"orientation":{"rotationYaw":-0.17999999999999997,"rotationPitch":0,"rotationRoll":0}}},{"id":0,"category":"car","box3d":{"dimension":{"width":1.92,"length":4.84,"height":1.468628},"location":{"x":12.689039381102113,"y":-6.220020059425761,"z":1.1795737839500697},"orientation":{"rotationYaw":-0.17999999999999997,"rotationPitch":0,"rotationRoll":0}}}]}