{"name":"000043","timestamp":0,"index":43,"labels":[{"id":3,"category":"car","box3d":{"dimension":{"width":1.9626642,"length":4.764335,"height":1.6738877},"location":{"x":7.364424397845062,"y":-4.933497835138308,"z":1.2385628554903096},"orientation":{"rotationYaw":-0.17999999999999997,"rotationPitch":0,"rotationRoll":0}}},{"id":0,"category":"car","box3d":{"dimension":{"width":1.92,"length":4.84,"height":1.468628},"location":{"x":13.001539381102113,"y":-6.266236119506615,"z":1.1795737377319555},"orientation":{"rotationYaw":-0.17999999999999997,"rotationPitch":0,"rotationRoll":0}}}]}