{"name":"000008","timestamp":0,"index":8,"labels":[{"id":1,"category":"pedestrian","box3d":{"dimension":{"width":0.7022103,"length":0.7884965,"height":1.7232126},"location":{"x":8.659200899539874,"y":4.825936416612656,"z":1.2457134139174824},"orientation":{"rotationYaw":1.76986608671702,"rotationPitch":0,"rotationRoll":0}}},{"id":0,"category":"pedestrian","box3d":{"dimension":{"width":1.06,"length":0.9500000000000001,"height":1.27},"location":{"x":6.505780130375149,"y":-3.048485207973913,"z":0.9232198805405479},"orientation":{"rotationYaw":0,"rotationPitch":0,"rotationRoll":0}}},{"id":3,"category":"car","box3d":{"dimension":{"width":1.9625269,"length":4.09,"height":1.735106},"location":{"x":8.064951829448864,"y":-4.5951538176994475,"z":1.1222930654874408},"orientation":{"rotationYaw":-0.04,"rotationPitch":0,"rotationRoll":0}}}]}