{"name":"000001","timestamp":0,"index":1,"labels":[{"id":1,"category":"pedestrian","box3d":{"dimension":{"width":0.7022103,"length":0.7884965,"height":1.7232126},"location":{"x":10.731793082642067,"y":5.034926332665078,"z":1.2457136229166874},"orientation":{"rotationYaw":1.76986608671702,"rotationPitch":0,"rotationRoll":0}}},{"id":0,"category":"pedestrian","box3d":{"dimension":{"width":1.06,"length":0.9500000000000001,"height":1.27},"location":{"x":8.735386872803279,"y":-2.943990249947702,"z":0.9232199850401507},"orientation":{"rotationYaw":0,"rotationPitch":0,"rotationRoll":0}}},{"id":3,"category":"car","box3d":{"dimension":{"width":1.9625269,"length":4.09,"height":1.735106},"location":{"x":10.388767307472536,"y":-4.577737991361742,"z":1.1222930829040394},"orientation":{"rotationYaw":-0.04,"rotationPitch":0,"rotationRoll":0}}}]}