{"name":"000041","timestamp":0,"index":41,"labels":[{"id":3,"category":"car","box3d":{"dimension":{"width":1.9626642,"length":4.764335,"height":1.6738877},"location":{"x":8.051924397845063,"y":-4.864173745017024,"z":1.2385629248174777},"orientation":{"rotationYaw":-0.17999999999999997,"rotationPitch":0,"rotationRoll":0}}},{"id":0,"category":"car","box3d":{"dimension":{"width":1.92,"length":4.84,"height":1.468628},"location":{"x":13.626539381102113,"y":-6.22002005942576,"z":1.1795737839500724},"orientation":{"rotationYaw":-0.18,"rotationPitch":0,"rotationRoll":0}}}]}