{"name":"000010","timestamp":0,"index":10,"labels":[{"id":0,"category":"pedestrian","box3d":{"dimension":{"width":1.06,"length":0.9500000000000001,"height":1.27},"location":{"x":5.689304421880344,"y":-3.1181485133247206,"z":0.9232198108741461},"orientation":{"rotationYaw":0,"rotationPitch":0,"rotationRoll":0}}},{"id":3,"category":"car","box3d":{"dimension":{"width":1.9625269,"length":4.09,"height":1.735106},"location":{"x":7.342684856549616,"y":-4.577737991361783,"z":1.1222931177372413},"orientation":{"rotationYaw":-0.04,"rotationPitch":0,"rotationRoll":0}}}]}