{"name":"000006","timestamp":0,"index":6,"labels":[{"id":3,"category":"car","box3d":{"dimension":{"width":2.0055108,"length":5.49,"height":2.0178208},"location":{"x":5.246288296715676,"y":3.458541788009768,"z":1.0509020667308253},"orientation":{"rotationYaw":1.6041514040059779,"rotationPitch":0,"rotationRoll":0}}},{"id":1,"category":"car","box3d":{"dimension":{"width":1.6,"length":4.480949,"height":1.516356},"location":{"x":7.482364438768074,"y":-3.487929722664039,"z":0.7307894489567015},"orientation":{"rotationYaw":-1.5373252517857967,"rotationPitch":0,"rotationRoll":0}}}]}