{"name":"000005","timestamp":0,"index":5,"labels":[{"id":3,"category":"car","box3d":{"dimension":{"width":2.0055108,"length":5.49,"height":2.0178208},"location":{"x":6.240051169205834,"y":3.091119351040743,"z":1.0509016992920566},"orientation":{"rotationYaw":1.6041514040059779,"rotationPitch":0,"rotationRoll":0}}},{"id":1,"category":"car","box3d":{"dimension":{"width":1.6,"length":4.480949,"height":1.516356},"location":{"x":8.103466234074428,"y":-3.4420019180428647,"z":0.7307894489567015},"orientation":{"rotationYaw":-1.5373252517857967,"rotationPitch":0,"rotationRoll":0}}}]}