{"name":"000001","timestamp":0,"index":1,"labels":[{"id":3,"category":"car","box3d":{"dimension":{"width":2.0055108,"length":5.49,"height":2.0178208},"location":{"x":11.01011295715865,"y":3.238088325828358,"z":1.0509018462675643},"orientation":{"rotationYaw":1.6041514040059777,"rotationPitch":0,"rotationRoll":0}}},{"id":1,"category":"car","box3d":{"dimension":{"width":1.6,"length":4.480949,"height":1.516356},"location":{"x":10.21521233811604,"y":-3.3960741134216907,"z":0.7307894489567015},"orientation":{"rotationYaw":-1.5373252517857967,"rotationPitch":0,"rotationRoll":0}}}]}