{"name":"000000","timestamp":0,"index":0,"labels":[{"id":1,"category":"car","box3d":{"dimension":{"width":1.6,"length":4.480949,"height":1.516356},"location":{"x":10.712093774361124,"y":-3.3960741134216907,"z":0.7307894489567015},"orientation":{"rotationYaw":-1.5373252517857967,"rotationPitch":0,"rotationRoll":0}}},{"id":3,"category":"car","box3d":{"dimension":{"width":2.0055108,"length":5.49,"height":2.0178208},"location":{"x":12.202628404146855,"y":3.2748305695252617,"z":1.0509018830114414},"orientation":{"rotationYaw":1.6041514040059777,"rotationPitch":0,"rotationRoll":0}}}]}