{"name":"000008","timestamp":0,"index":8,"labels":[{"id":0,"category":"car","box3d":{"dimension":{"width":1.9321467,"length":4.09,"height":1.8465562},"location":{"x":8.410962277623774,"y":3.4567968960491227,"z":1.260542003593143},"orientation":{"rotationYaw":-0.24000000000000002,"rotationPitch":0,"rotationRoll":0}}},{"id":2,"category":"car","box3d":{"dimension":{"width":1.976977,"length":4.592277,"height":1.7327867},"location":{"x":11.011510085360928,"y":2.629573034875852,"z":1.1914608633917634},"orientation":{"rotationYaw":2.86,"rotationPitch":0,"rotationRoll":0}}}]}