{"name":"000005","timestamp":0,"index":5,"labels":[{"id":0,"category":"car","box3d":{"dimension":{"width":1.9321467,"length":4.09,"height":1.8465562},"location":{"x":9.030215923513264,"y":3.2178865903485256,"z":1.260541764672218},"orientation":{"rotationYaw":-0.24000000000000002,"rotationPitch":0,"rotationRoll":0}}},{"id":2,"category":"car","box3d":{"dimension":{"width":1.976977,"length":4.592277,"height":1.7327867},"location":{"x":11.619224843438811,"y":2.288272598160712,"z":1.1914605220761563},"orientation":{"rotationYaw":2.8314285714285714,"rotationPitch":0,"rotationRoll":0}}}]}