{"name":"000000","timestamp":0,"index":0,"labels":[{"id":0,"category":"car","box3d":{"dimension":{"width":1.9321467,"length":4.09,"height":1.8465562},"location":{"x":9.97255842812771,"y":2.829657343585053,"z":1.260541376425719},"orientation":{"rotationYaw":-0.31,"rotationPitch":0,"rotationRoll":0}}},{"id":2,"category":"car","box3d":{"dimension":{"width":1.976977,"length":4.592277,"height":1.7327867},"location":{"x":12.600030307425262,"y":1.5843404474357365,"z":1.1914598181127165},"orientation":{"rotationYaw":2.7600000000000002,"rotationPitch":0,"rotationRoll":0}}}]}