{"name":"000002","timestamp":0,"index":2,"labels":[{"id":0,"category":"car","box3d":{"dimension":{"width":1.9321467,"length":4.09,"height":1.8465562},"location":{"x":9.649469569402754,"y":3.0984314374982236,"z":1.260541645211761},"orientation":{"rotationYaw":-0.31,"rotationPitch":0,"rotationRoll":0}}},{"id":2,"category":"car","box3d":{"dimension":{"width":1.976977,"length":4.592277,"height":1.7327867},"location":{"x":12.20770812183068,"y":1.8659133077257268,"z":1.1914600996980924},"orientation":{"rotationYaw":2.7885714285714287,"rotationPitch":0,"rotationRoll":0}}}]}