{"name":"000014","timestamp":0,"index":14,"labels":[{"id":0,"category":"car","box3d":{"dimension":{"width":1.9321467,"length":4.09,"height":1.8465562},"location":{"x":7.105144806943754,"y":3.9047537192377457,"z":1.260542451569883},"orientation":{"rotationYaw":-0.15999999999999998,"rotationPitch":0,"rotationRoll":0}}},{"id":2,"category":"car","box3d":{"dimension":{"width":1.976977,"length":4.592277,"height":1.7327867},"location":{"x":9.70838502183695,"y":3.179066737987227,"z":1.191461412909891},"orientation":{"rotationYaw":2.888,"rotationPitch":0,"rotationRoll":0}}}]}