{"name":"000007","timestamp":0,"index":7,"labels":[{"id":0,"category":"car","box3d":{"dimension":{"width":1.9321467,"length":4.09,"height":1.8465562},"location":{"x":8.626354850107075,"y":3.3672055314113987,"z":1.260541913997796},"orientation":{"rotationYaw":-0.24000000000000002,"rotationPitch":0,"rotationRoll":0}}},{"id":2,"category":"car","box3d":{"dimension":{"width":1.976977,"length":4.592277,"height":1.7327867},"location":{"x":11.22690265784423,"y":2.5698454584507027,"z":1.1914608036615322},"orientation":{"rotationYaw":2.86,"rotationPitch":0,"rotationRoll":0}}}]}