{"name":"000001","timestamp":0,"index":1,"labels":[{"id":0,"category":"car","box3d":{"dimension":{"width":1.9321467,"length":4.09,"height":1.8465562},"location":{"x":9.89178621344648,"y":3.0088400728605023,"z":1.260541555616412},"orientation":{"rotationYaw":-0.31,"rotationPitch":0,"rotationRoll":0}}},{"id":2,"category":"car","box3d":{"dimension":{"width":1.976977,"length":4.592277,"height":1.7327867},"location":{"x":12.403869214627973,"y":1.7251268775807318,"z":1.1914599589054045},"orientation":{"rotationYaw":2.7742857142857145,"rotationPitch":0,"rotationRoll":0}}}]}