{"name":"000020","timestamp":0,"index":20,"labels":[{"id":0,"category":"car","box3d":{"dimension":{"width":1.9321467,"length":4.09,"height":1.8465562},"location":{"x":5.772403264703322,"y":4.263119177788821,"z":1.260542630760579},"orientation":{"rotationYaw":-0.11,"rotationPitch":0,"rotationRoll":0}}},{"id":2,"category":"car","box3d":{"dimension":{"width":1.976977,"length":4.592277,"height":1.7327867},"location":{"x":8.399875144000873,"y":3.5553504694656697,"z":1.1914617892103483},"orientation":{"rotationYaw":3,"rotationPitch":0,"rotationRoll":0}}}]}