{"name":"000017","timestamp":0,"index":17,"labels":[{"id":0,"category":"car","box3d":{"dimension":{"width":1.9321467,"length":4.09,"height":1.8465562},"location":{"x":6.472429125274053,"y":4.113800236725888,"z":1.2605425411652316},"orientation":{"rotationYaw":-0.12000000000000001,"rotationPitch":0,"rotationRoll":0}}},{"id":2,"category":"car","box3d":{"dimension":{"width":1.976977,"length":4.592277,"height":1.7327867},"location":{"x":9.029898418514534,"y":3.3940860131177657,"z":1.1914616279387238},"orientation":{"rotationYaw":2.972,"rotationPitch":0,"rotationRoll":0}}}]}