{"name":"000006","timestamp":0,"index":6,"labels":[{"id":0,"category":"car","box3d":{"dimension":{"width":1.9321467,"length":4.09,"height":1.8465562},"location":{"x":8.841747422590378,"y":3.2776141667736747,"z":1.260541824402449},"orientation":{"rotationYaw":-0.24000000000000002,"rotationPitch":0,"rotationRoll":0}}},{"id":2,"category":"car","box3d":{"dimension":{"width":1.976977,"length":4.592277,"height":1.7327867},"location":{"x":11.42306375064152,"y":2.4290590283057076,"z":1.1914606628688442},"orientation":{"rotationYaw":2.8457142857142856,"rotationPitch":0,"rotationRoll":0}}}]}