{"name":"000011","timestamp":0,"index":11,"labels":[{"id":0,"category":"car","box3d":{"dimension":{"width":1.9321467,"length":4.09,"height":1.8465562},"location":{"x":7.737860488613455,"y":3.7554347781748714,"z":1.260542302244301},"orientation":{"rotationYaw":-0.18,"rotationPitch":0,"rotationRoll":0}}},{"id":2,"category":"car","box3d":{"dimension":{"width":1.976977,"length":4.592277,"height":1.7327867},"location":{"x":10.365332367911025,"y":2.86848334057645,"z":1.1914611023126884},"orientation":{"rotationYaw":2.86,"rotationPitch":0,"rotationRoll":0}}}]}