{"name":"000004","timestamp":0,"index":4,"labels":[{"id":0,"category":"car","box3d":{"dimension":{"width":1.9321467,"length":4.09,"height":1.8465562},"location":{"x":9.218684424436152,"y":3.1581590139233766,"z":1.260541704941987},"orientation":{"rotationYaw":-0.24,"rotationPitch":0,"rotationRoll":0}}},{"id":2,"category":"car","box3d":{"dimension":{"width":1.976977,"length":4.592277,"height":1.7327867},"location":{"x":11.815385936236101,"y":2.147486168015717,"z":1.1914603812834683},"orientation":{"rotationYaw":2.817142857142857,"rotationPitch":0,"rotationRoll":0}}}]}