{"name":"000019","timestamp":0,"index":19,"labels":[{"id":0,"category":"car","box3d":{"dimension":{"width":1.9321467,"length":4.09,"height":1.8465562},"location":{"x":6.014719908747036,"y":4.218323495469959,"z":1.2605425859629058},"orientation":{"rotationYaw":-0.11,"rotationPitch":0,"rotationRoll":0}}},{"id":2,"category":"car","box3d":{"dimension":{"width":1.976977,"length":4.592277,"height":1.7327867},"location":{"x":8.601805680703968,"y":3.5105547871468077,"z":1.191461744412675},"orientation":{"rotationYaw":3,"rotationPitch":0,"rotationRoll":0}}}]}