{"name":"000003","timestamp":0,"index":3,"labels":[{"id":0,"category":"car","box3d":{"dimension":{"width":1.9321467,"length":4.09,"height":1.8465562},"location":{"x":9.407152925359037,"y":3.0984314374982276,"z":1.2605416452117557},"orientation":{"rotationYaw":-0.24,"rotationPitch":0,"rotationRoll":0}}},{"id":2,"category":"car","box3d":{"dimension":{"width":1.976977,"length":4.592277,"height":1.7327867},"location":{"x":12.011547029033391,"y":2.006699737870722,"z":1.1914602404907804},"orientation":{"rotationYaw":2.802857142857143,"rotationPitch":0,"rotationRoll":0}}}]}