{"name":"000009","timestamp":0,"index":9,"labels":[{"id":0,"category":"car","box3d":{"dimension":{"width":1.9321467,"length":4.09,"height":1.8465562},"location":{"x":8.195569705140471,"y":3.5463882606868466,"z":1.2605420931884899},"orientation":{"rotationYaw":-0.24000000000000002,"rotationPitch":0,"rotationRoll":0}}},{"id":2,"category":"car","box3d":{"dimension":{"width":1.976977,"length":4.592277,"height":1.7327867},"location":{"x":10.796117512877627,"y":2.689300611301002,"z":1.1914609231219946},"orientation":{"rotationYaw":2.86,"rotationPitch":0,"rotationRoll":0}}}]}