{"name":"000010","timestamp":0,"index":10,"labels":[{"id":0,"category":"car","box3d":{"dimension":{"width":1.9321467,"length":4.09,"height":1.8465562},"location":{"x":7.953253061096758,"y":3.725570989962296,"z":1.2605422723791833},"orientation":{"rotationYaw":-0.18,"rotationPitch":0,"rotationRoll":0}}},{"id":2,"category":"car","box3d":{"dimension":{"width":1.976977,"length":4.592277,"height":1.7327867},"location":{"x":10.580724940394326,"y":2.7490281877261515,"z":1.1914609828522258},"orientation":{"rotationYaw":2.86,"rotationPitch":0,"rotationRoll":0}}}]}