{"name":"000003","timestamp":0,"index":3,"labels":[{"id":1,"category":"truck","box3d":{"dimension":{"width":3,"length":10.03,"height":4.09},"location":{"x":11.019170843528322,"y":-3.602481472863709,"z":2.4418349869666205},"orientation":{"rotationYaw":-1.55,"rotationPitch":0,"rotationRoll":0}}},{"id":0,"category":"truck","box3d":{"dimension":{"width":2.9047875,"length":12.506986,"height":4.040326},"location":{"x":28.728588868445705,"y":-3.625574896938824,"z":2.8524979808069486},"orientation":{"rotationYaw":-1.55,"rotationPitch":0,"rotationRoll":0}}}]}