{"name":"000008","timestamp":0,"index":8,"labels":[{"id":1,"category":"truck","box3d":{"dimension":{"width":3,"length":10.03,"height":4.09},"location":{"x":8.475534982448348,"y":-3.7069764308899207,"z":2.4418348824670177},"orientation":{"rotationYaw":-1.55,"rotationPitch":0,"rotationRoll":0}}},{"id":0,"category":"truck","box3d":{"dimension":{"width":2.9047875,"length":12.506986,"height":4.040326},"location":{"x":26.16981697782406,"y":-3.4514496421260743,"z":2.8524981549399433},"orientation":{"rotationYaw":-1.55,"rotationPitch":0,"rotationRoll":0}}}]}