{"name":"000001","timestamp":0,"index":1,"labels":[{"id":1,"category":"truck","box3d":{"dimension":{"width":3,"length":10.03,"height":4.09},"location":{"x":11.96125819948387,"y":-3.7418080835653256,"z":2.441834847633817},"orientation":{"rotationYaw":-1.55,"rotationPitch":0,"rotationRoll":0}}},{"id":0,"category":"truck","box3d":{"dimension":{"width":2.9047875,"length":12.506986,"height":4.040326},"location":{"x":29.670676224401248,"y":-3.730069854965036,"z":2.852497876307346},"orientation":{"rotationYaw":-1.55,"rotationPitch":0,"rotationRoll":0}}}]}