{"name":"000004","timestamp":0,"index":4,"labels":[{"id":1,"category":"truck","box3d":{"dimension":{"width":3,"length":10.03,"height":4.09},"location":{"x":10.48532134182018,"y":-3.602481472863709,"z":2.4418349869666205},"orientation":{"rotationYaw":-1.55,"rotationPitch":0,"rotationRoll":0}}},{"id":0,"category":"truck","box3d":{"dimension":{"width":2.9047875,"length":12.506986,"height":4.040326},"location":{"x":28.257545190467933,"y":-3.573327417925718,"z":2.85249803305675},"orientation":{"rotationYaw":-1.55,"rotationPitch":0,"rotationRoll":0}}}]}