{"name":"000000","timestamp":0,"index":0,"labels":[{"id":0,"category":"truck","box3d":{"dimension":{"width":2.9047875,"length":12.506986,"height":4.040326},"location":{"x":30.14171990237902,"y":-3.782317333978142,"z":2.8524978240575445},"orientation":{"rotationYaw":-1.55,"rotationPitch":0,"rotationRoll":0}}},{"id":1,"category":"truck","box3d":{"dimension":{"width":3,"length":10.03,"height":4.09},"location":{"x":12.432301877461644,"y":-3.8114713889161336,"z":2.441834777967415},"orientation":{"rotationYaw":-1.55,"rotationPitch":0,"rotationRoll":0}}}]}