{"name":"000009","timestamp":0,"index":9,"labels":[{"id":1,"category":"truck","box3d":{"dimension":{"width":3,"length":10.03,"height":4.09},"location":{"x":7.957386936672801,"y":-3.7069764308899207,"z":2.4418348824670177},"orientation":{"rotationYaw":-1.55,"rotationPitch":0,"rotationRoll":0}}},{"id":0,"category":"truck","box3d":{"dimension":{"width":2.9047875,"length":12.506986,"height":4.040326},"location":{"x":25.647884924663092,"y":-3.481919086075983,"z":2.852498124469145},"orientation":{"rotationYaw":-1.55,"rotationPitch":0,"rotationRoll":0}}}]}