{"name":"000006","timestamp":0,"index":6,"labels":[{"id":1,"category":"truck","box3d":{"dimension":{"width":3,"length":10.03,"height":4.09},"location":{"x":9.417622338403895,"y":-3.602481472863709,"z":2.4418349869666205},"orientation":{"rotationYaw":-1.55,"rotationPitch":0,"rotationRoll":0}}},{"id":0,"category":"truck","box3d":{"dimension":{"width":2.9047875,"length":12.506986,"height":4.040326},"location":{"x":27.213681084145996,"y":-3.512388530025896,"z":2.8524980939983466},"orientation":{"rotationYaw":-1.55,"rotationPitch":0,"rotationRoll":0}}}]}