{"name":"000002","timestamp":0,"index":2,"labels":[{"id":1,"category":"truck","box3d":{"dimension":{"width":3,"length":10.03,"height":4.09},"location":{"x":11.490214521506095,"y":-3.672144778214517,"z":2.4418349173002185},"orientation":{"rotationYaw":-1.55,"rotationPitch":0,"rotationRoll":0}}},{"id":0,"category":"truck","box3d":{"dimension":{"width":2.9047875,"length":12.506986,"height":4.040326},"location":{"x":29.199632546423476,"y":-3.67782237595193,"z":2.8524979285571472},"orientation":{"rotationYaw":-1.55,"rotationPitch":0,"rotationRoll":0}}}]}