{"name":"000007","timestamp":0,"index":7,"labels":[{"id":1,"category":"truck","box3d":{"dimension":{"width":3,"length":10.03,"height":4.09},"location":{"x":8.946578660426121,"y":-3.654728951876815,"z":2.441834934716819},"orientation":{"rotationYaw":-1.55,"rotationPitch":0,"rotationRoll":0}}},{"id":0,"category":"truck","box3d":{"dimension":{"width":2.9047875,"length":12.506986,"height":4.040326},"location":{"x":26.69174903098503,"y":-3.481919086075985,"z":2.852498124469145},"orientation":{"rotationYaw":-1.55,"rotationPitch":0,"rotationRoll":0}}}]}