{"name":"000010","timestamp":0,"index":10,"labels":[{"id":1,"category":"truck","box3d":{"dimension":{"width":3,"length":10.03,"height":4.09},"location":{"x":7.439238890897254,"y":-3.7069764308899207,"z":2.4418348824670177},"orientation":{"rotationYaw":-1.55,"rotationPitch":0,"rotationRoll":0}}},{"id":0,"category":"truck","box3d":{"dimension":{"width":2.9047875,"length":12.506986,"height":4.040326},"location":{"x":25.125952871502122,"y":-3.512388530025892,"z":2.8524980939983466},"orientation":{"rotationYaw":-1.55,"rotationPitch":0,"rotationRoll":0}}}]}