{"name":"000008","timestamp":0,"index":8,"labels":[{"id":1,"category":"pedestrian","box3d":{"dimension":{"width":0.62,"length":0.8033891,"height":1.7826608},"location":{"x":7.069061946356118,"y":2.951934531481461,"z":1.2051711477507707},"orientation":{"rotationYaw":1.7447978961058,"rotationPitch":0,"rotationRoll":0}}},{"id":0,"category":"car","box3d":{"dimension":{"width":1.92,"length":3.87,"height":1.468628},"location":{"x":8.890133157907032,"y":3.1173107154502473,"z":1.0858088154776613},"orientation":{"rotationYaw":-0.31,"rotationPitch":0,"rotationRoll":0}}}]}