{"name":"000002","timestamp":0,"index":2,"labels":[{"id":1,"category":"pedestrian","box3d":{"dimension":{"width":0.62,"length":0.8033891,"height":1.7826608},"location":{"x":8.307569238135102,"y":2.653296649355711,"z":1.2051708490996136},"orientation":{"rotationYaw":1.7447978961058,"rotationPitch":0,"rotationRoll":0}}},{"id":0,"category":"car","box3d":{"dimension":{"width":1.92,"length":3.87,"height":1.468628},"location":{"x":10.032184963320852,"y":2.739981751384366,"z":1.0858084381319237},"orientation":{"rotationYaw":-0.31,"rotationPitch":0,"rotationRoll":0}}}]}