{"name":"000000","timestamp":0,"index":0,"labels":[{"id":1,"category":"pedestrian","box3d":{"dimension":{"width":0.62,"length":0.8033891,"height":1.7826608},"location":{"x":8.522961810618407,"y":2.5935690729305625,"z":1.20517078936938},"orientation":{"rotationYaw":1.7447978961057997,"rotationPitch":0,"rotationRoll":0}}},{"id":0,"category":"car","box3d":{"dimension":{"width":1.92,"length":3.87,"height":1.468628},"location":{"x":10.420968556653207,"y":2.6321734759369706,"z":1.085808330318858},"orientation":{"rotationYaw":-0.31,"rotationPitch":0,"rotationRoll":0}}}]}