{"name":"000013","timestamp":0,"index":13,"labels":[{"id":1,"category":"pedestrian","box3d":{"dimension":{"width":0.62,"length":0.8033891,"height":1.7826608},"location":{"x":6.121401937608479,"y":3.113646944652552,"z":1.205171309470372},"orientation":{"rotationYaw":1.7447978961058,"rotationPitch":0,"rotationRoll":0}}},{"id":0,"category":"car","box3d":{"dimension":{"width":1.92,"length":3.87,"height":1.468628},"location":{"x":7.942473149159403,"y":3.2790231286213407,"z":1.085808977197262},"orientation":{"rotationYaw":-0.31,"rotationPitch":0,"rotationRoll":0}}}]}