{"name":"000005","timestamp":0,"index":5,"labels":[{"id":1,"category":"pedestrian","box3d":{"dimension":{"width":0.62,"length":0.8033891,"height":1.7826608},"location":{"x":7.634467449124781,"y":2.772751802206009,"z":1.2051709685600795},"orientation":{"rotationYaw":1.7447978961058,"rotationPitch":0,"rotationRoll":0}}},{"id":0,"category":"car","box3d":{"dimension":{"width":1.92,"length":3.87,"height":1.468628},"location":{"x":9.546205471655409,"y":2.874742095693609,"z":1.085808572898255},"orientation":{"rotationYaw":-0.31,"rotationPitch":0,"rotationRoll":0}}}]}