{"name":"000039","timestamp":0,"index":39,"labels":[{"id":5,"category":"pedestrian","box3d":{"dimension":{"width":0.7128304,"length":0.8714433,"height":1.7301706},"location":{"x":10.036709461799381,"y":-2.6538594709726997,"z":1.0453462487335479},"orientation":{"rotationYaw":-2.046294450917623,"rotationPitch":0,"rotationRoll":0}}},{"id":0,"category":"car","box3d":{"dimension":{"width":2.0300000000000002,"length":4.84,"height":1.990233},"location":{"x":21.593532277129682,"y":8.084447761597728,"z":1.6147782672896829},"orientation":{"rotationYaw":1.6075325273148855,"rotationPitch":0,"rotationRoll":0}}},{"id":2,"category":"car","box3d":{"dimension":{"width":1.882464,"length":4.5770183,"height":1.5925279},"location":{"x":21.719626990401984,"y":10.796484102907918,"z":1.3657501685010076},"orientation":{"rotationYaw":1.633553969331984,"rotationPitch":0,"rotationRoll":0}}}]}