{"name":"000005","timestamp":0,"index":5,"labels":[{"id":3,"category":"car","box3d":{"dimension":{"width":1.9228693,"length":4.60366,"height":1.7161851},"location":{"x":9.909096519560114,"y":-3.30926047290749,"z":0.9894301959152856},"orientation":{"rotationYaw":-1.5533670017695984,"rotationPitch":0,"rotationRoll":0}}},{"id":6,"category":"car","box3d":{"dimension":{"width":1.8728205,"length":4.565788,"height":1.6715074},"location":{"x":14.940060252753028,"y":-3.2783880612212535,"z":1.217965059266526},"orientation":{"rotationYaw":-1.545241040611268,"rotationPitch":0,"rotationRoll":0}}},{"id":5,"category":"pedestrian","box3d":{"dimension":{"width":0.7128304,"length":0.8714433,"height":1.7301706},"location":{"x":16.49779737165277,"y":-1.4993599766769883,"z":1.3452575513437068},"orientation":{"rotationYaw":-2.046294450917623,"rotationPitch":0,"rotationRoll":0}}}]}