{"name":"000041","timestamp":0,"index":41,"labels":[{"id":5,"category":"pedestrian","box3d":{"dimension":{"width":0.7128304,"length":0.8714433,"height":1.7301706},"location":{"x":9.61170946179938,"y":-2.764778015166751,"z":1.010992124286135},"orientation":{"rotationYaw":-2.046294450917623,"rotationPitch":0,"rotationRoll":0}}},{"id":0,"category":"car","box3d":{"dimension":{"width":2.0300000000000002,"length":4.84,"height":1.990233},"location":{"x":20.796313617198685,"y":8.194980678052575,"z":1.6147783778275124},"orientation":{"rotationYaw":1.6075325273148857,"rotationPitch":0,"rotationRoll":0}}},{"id":2,"category":"car","box3d":{"dimension":{"width":1.882464,"length":4.5770183,"height":1.5925279},"location":{"x":21.2227455541569,"y":10.888339712150177,"z":1.3657502603607024},"orientation":{"rotationYaw":1.6335539693319843,"rotationPitch":0,"rotationRoll":0}}}]}