{"name":"000008","timestamp":0,"index":8,"labels":[{"id":3,"category":"car","box3d":{"dimension":{"width":1.9228693,"length":4.60366,"height":1.7161851},"location":{"x":9.19034651956012,"y":-3.343922517968131,"z":1.030400395795099},"orientation":{"rotationYaw":-1.5533670017695984,"rotationPitch":0,"rotationRoll":0}}},{"id":6,"category":"car","box3d":{"dimension":{"width":1.8728205,"length":4.565788,"height":1.6715074},"location":{"x":14.252560252753032,"y":-3.3477121513425336,"z":1.2179649899393545},"orientation":{"rotationYaw":-1.545241040611268,"rotationPitch":0,"rotationRoll":0}}},{"id":5,"category":"pedestrian","box3d":{"dimension":{"width":0.7128304,"length":0.8714433,"height":1.7301706},"location":{"x":15.692094530207413,"y":-1.563193823981366,"z":1.3452574875070227},"orientation":{"rotationYaw":-2.046294450917623,"rotationPitch":0,"rotationRoll":0}}},{"id":0,"category":"car","box3d":{"dimension":{"width":2.0300000000000002,"length":4.84,"height":1.468628},"location":{"x":15.895965938340344,"y":8.114073227808273,"z":0.725956554362542},"orientation":{"rotationYaw":1.58,"rotationPitch":0,"rotationRoll":0}}}]}