{"name":"000009","timestamp":0,"index":9,"labels":[{"id":3,"category":"car","box3d":{"dimension":{"width":1.9228693,"length":4.60366,"height":1.7161851},"location":{"x":8.84659651956012,"y":-3.30926047290749,"z":1.032080359752601},"orientation":{"rotationYaw":-1.5533670017695984,"rotationPitch":0,"rotationRoll":0}}},{"id":6,"category":"car","box3d":{"dimension":{"width":1.8728205,"length":4.565788,"height":1.6715074},"location":{"x":13.940060252753032,"y":-3.2783880612212495,"z":1.21796505926653},"orientation":{"rotationYaw":-1.545241040611268,"rotationPitch":0,"rotationRoll":0}}},{"id":5,"category":"pedestrian","box3d":{"dimension":{"width":0.7128304,"length":0.8714433,"height":1.7301706},"location":{"x":15.523280601523624,"y":-1.6142609018248684,"z":1.3452574364376764},"orientation":{"rotationYaw":-2.046294450917623,"rotationPitch":0,"rotationRoll":0}}},{"id":0,"category":"car","box3d":{"dimension":{"width":2.0300000000000002,"length":4.84,"height":1.468628},"location":{"x":15.581274362051794,"y":8.114073227808273,"z":0.725956554362542},"orientation":{"rotationYaw":1.58,"rotationPitch":0,"rotationRoll":0}}}]}