{"name":"000046","timestamp":0,"index":46,"labels":[{"id":5,"category":"pedestrian","box3d":{"dimension":{"width":0.7128304,"length":0.8714433,"height":1.7301706},"location":{"x":8.489834461799369,"y":-2.896493786397188,"z":1.0239274681887744},"orientation":{"rotationYaw":-2.046294450917623,"rotationPitch":0,"rotationRoll":0}}},{"id":0,"category":"car","box3d":{"dimension":{"width":2.0300000000000002,"length":4.84,"height":1.990233},"location":{"x":18.146279290558244,"y":8.011269459568066,"z":1.6147781941081285},"orientation":{"rotationYaw":1.6075325273148857,"rotationPitch":0,"rotationRoll":0}}},{"id":2,"category":"car","box3d":{"dimension":{"width":1.882464,"length":4.5770183,"height":1.5925279},"location":{"x":19.704496721185805,"y":10.750556298286789,"z":1.365750122571165},"orientation":{"rotationYaw":1.6335539693319843,"rotationPitch":0,"rotationRoll":0}}}]}