{"name":"000040","timestamp":0,"index":40,"labels":[{"id":5,"category":"pedestrian","box3d":{"dimension":{"width":0.7128304,"length":0.8714433,"height":1.7301706},"location":{"x":9.82420946179938,"y":-2.7093187430697254,"z":1.0447705058790504},"orientation":{"rotationYaw":-2.046294450917623,"rotationPitch":0,"rotationRoll":0}}},{"id":0,"category":"car","box3d":{"dimension":{"width":2.0300000000000002,"length":4.84,"height":1.990233},"location":{"x":21.194922947164184,"y":8.139714219825152,"z":1.6147783225585977},"orientation":{"rotationYaw":1.6075325273148857,"rotationPitch":0,"rotationRoll":0}}},{"id":2,"category":"car","box3d":{"dimension":{"width":1.882464,"length":4.5770183,"height":1.5925279},"location":{"x":21.471186272279443,"y":10.842411907529048,"z":1.365750214430855},"orientation":{"rotationYaw":1.633553969331984,"rotationPitch":0,"rotationRoll":0}}}]}