{"name":"000048","timestamp":0,"index":48,"labels":[{"id":5,"category":"pedestrian","box3d":{"dimension":{"width":0.7128304,"length":0.8714433,"height":1.7301706},"location":{"x":8.146084461799372,"y":-2.965817876518471,"z":1.0239273988616033},"orientation":{"rotationYaw":-2.046294450917623,"rotationPitch":0,"rotationRoll":0}}},{"id":0,"category":"car","box3d":{"dimension":{"width":2.0300000000000002,"length":4.84,"height":1.990233},"location":{"x":16.93168022418138,"y":8.011269459568066,"z":1.6147781941081287},"orientation":{"rotationYaw":1.6075325273148857,"rotationPitch":0,"rotationRoll":0}}},{"id":2,"category":"car","box3d":{"dimension":{"width":1.882464,"length":4.5770183,"height":1.5925279},"location":{"x":19.483660527299097,"y":10.750556298286789,"z":1.3657501225711648},"orientation":{"rotationYaw":1.6335539693319843,"rotationPitch":0,"rotationRoll":0}}}]}