{"name":"000044","timestamp":0,"index":44,"labels":[{"id":5,"category":"pedestrian","box3d":{"dimension":{"width":0.7128304,"length":0.8714433,"height":1.7301706},"location":{"x":8.974209461799381,"y":-2.931155831457828,"z":1.0609315859477029},"orientation":{"rotationYaw":-2.046294450917623,"rotationPitch":0,"rotationRoll":0}}},{"id":0,"category":"car","box3d":{"dimension":{"width":2.0300000000000002,"length":4.84,"height":1.990233},"location":{"x":19.47129645387847,"y":8.194980678052575,"z":1.614778377827512},"orientation":{"rotationYaw":1.6075325273148857,"rotationPitch":0,"rotationRoll":0}}},{"id":2,"category":"car","box3d":{"dimension":{"width":1.882464,"length":4.5770183,"height":1.5925279},"location":{"x":20.201378157430895,"y":10.81179337111496,"z":1.36575018381096},"orientation":{"rotationYaw":1.6335539693319843,"rotationPitch":0,"rotationRoll":0}}}]}