{"name":"000013","timestamp":0,"index":13,"labels":[{"id":3,"category":"car","box3d":{"dimension":{"width":1.9228693,"length":4.60366,"height":1.7161851},"location":{"x":7.971596519560119,"y":-3.447908653150054,"z":1.0741927466854653},"orientation":{"rotationYaw":-1.5533670017695984,"rotationPitch":0,"rotationRoll":0}}},{"id":6,"category":"car","box3d":{"dimension":{"width":1.8728205,"length":4.565788,"height":1.6715074},"location":{"x":13.065060252753037,"y":-3.278388061221249,"z":1.2179650592665288},"orientation":{"rotationYaw":-1.545241040611268,"rotationPitch":0,"rotationRoll":0}}},{"id":5,"category":"pedestrian","box3d":{"dimension":{"width":0.7128304,"length":0.8714433,"height":1.7301706},"location":{"x":14.848024886788464,"y":-1.8185292131988777,"z":1.3452572321602911},"orientation":{"rotationYaw":-2.046294450917623,"rotationPitch":0,"rotationRoll":0}}},{"id":0,"category":"car","box3d":{"dimension":{"width":2.0300000000000002,"length":4.84,"height":1.468628},"location":{"x":14.16516226875331,"y":8.288598885368563,"z":0.7259567288959574},"orientation":{"rotationYaw":1.58,"rotationPitch":0,"rotationRoll":0}}}]}