{"name":"000012","timestamp":0,"index":12,"labels":[{"id":3,"category":"car","box3d":{"dimension":{"width":1.9228693,"length":4.60366,"height":1.7161851},"location":{"x":8.346596519560125,"y":-3.447908653150054,"z":1.0792522946385923},"orientation":{"rotationYaw":-1.5533670017695984,"rotationPitch":0,"rotationRoll":0}}},{"id":6,"category":"car","box3d":{"dimension":{"width":1.8728205,"length":4.565788,"height":1.6715074},"location":{"x":13.346310252753035,"y":-3.278388061221249,"z":1.217965059266529},"orientation":{"rotationYaw":-1.545241040611268,"rotationPitch":0,"rotationRoll":0}}},{"id":5,"category":"pedestrian","box3d":{"dimension":{"width":0.7128304,"length":0.8714433,"height":1.7301706},"location":{"x":15.016838815472253,"y":-1.7674621353553754,"z":1.3452572832296374},"orientation":{"rotationYaw":-2.046294450917623,"rotationPitch":0,"rotationRoll":0}}},{"id":0,"category":"car","box3d":{"dimension":{"width":2.0300000000000002,"length":4.84,"height":1.468628},"location":{"x":14.558526739114,"y":8.201336056588417,"z":0.7259566416292498},"orientation":{"rotationYaw":1.58,"rotationPitch":0,"rotationRoll":0}}}]}