{"name":"000001","timestamp":0,"index":1,"labels":[{"id":3,"category":"car","box3d":{"dimension":{"width":1.9228693,"length":4.60366,"height":1.7161851},"location":{"x":10.784096519560112,"y":-3.4016925930691997,"z":1.2008735806782829},"orientation":{"rotationYaw":-1.5533670017695984,"rotationPitch":0,"rotationRoll":0}}},{"id":6,"category":"car","box3d":{"dimension":{"width":1.8728205,"length":4.565788,"height":1.6715074},"location":{"x":15.877560252753032,"y":-3.3477121513425354,"z":1.2179649899393428},"orientation":{"rotationYaw":-1.545241040611268,"rotationPitch":0,"rotationRoll":0}}},{"id":5,"category":"pedestrian","box3d":{"dimension":{"width":0.7128304,"length":0.8714433,"height":1.7301706},"location":{"x":17.341867015071713,"y":-1.414248180271151,"z":1.3452576364592868},"orientation":{"rotationYaw":-2.046294450917623,"rotationPitch":0,"rotationRoll":0}}}]}