{"name":"000027","timestamp":0,"index":27,"labels":[{"id":6,"category":"car","box3d":{"dimension":{"width":1.8728205,"length":4.565788,"height":1.6715074},"location":{"x":9.872181706701372,"y":-3.339221717702327,"z":1.0563377032124213},"orientation":{"rotationYaw":-1.545241040611268,"rotationPitch":0,"rotationRoll":0}}},{"id":5,"category":"pedestrian","box3d":{"dimension":{"width":0.7128304,"length":0.8714433,"height":1.7301706},"location":{"x":12.546016768373159,"y":-2.073864602416389,"z":1.165954132769236},"orientation":{"rotationYaw":-2.046294450917623,"rotationPitch":0,"rotationRoll":0}}}]}