{"name":"000018","timestamp":0,"index":18,"labels":[{"id":6,"category":"car","box3d":{"dimension":{"width":1.8728205,"length":4.565788,"height":1.6715074},"location":{"x":11.834797094858304,"y":-3.3148744244429778,"z":1.2179650227785421},"orientation":{"rotationYaw":-1.545241040611268,"rotationPitch":0,"rotationRoll":0}}},{"id":5,"category":"pedestrian","box3d":{"dimension":{"width":0.7128304,"length":0.8714433,"height":1.7301706},"location":{"x":14.080688847316694,"y":-1.8823630605032555,"z":1.2490181770023205},"orientation":{"rotationYaw":-2.046294450917623,"rotationPitch":0,"rotationRoll":0}}}]}