{"name":"000038","timestamp":0,"index":38,"labels":[{"id":0,"category":"car","box3d":{"dimension":{"width":2.0300000000000002,"length":4.84,"height":1.990233},"location":{"x":21.99214160709518,"y":8.029181303370304,"z":1.614778212020768},"orientation":{"rotationYaw":1.6075325273148855,"rotationPitch":0,"rotationRoll":0}}},{"id":2,"category":"car","box3d":{"dimension":{"width":1.882464,"length":4.5770183,"height":1.5925279},"location":{"x":21.968067708524522,"y":10.750556298286789,"z":1.3657501225711601},"orientation":{"rotationYaw":1.633553969331984,"rotationPitch":0,"rotationRoll":0}}},{"id":5,"category":"pedestrian","box3d":{"dimension":{"width":0.7128304,"length":0.8714433,"height":1.7301706},"location":{"x":10.255459461799383,"y":-2.6191974259120587,"z":1.071623665065962},"orientation":{"rotationYaw":-2.046294450917623,"rotationPitch":0,"rotationRoll":0}}}]}