{"name":"000043","timestamp":0,"index":43,"labels":[{"id":5,"category":"pedestrian","box3d":{"dimension":{"width":0.7128304,"length":0.8714433,"height":1.7301706},"location":{"x":9.186709461799381,"y":-2.875696559360802,"z":1.0617685681498052},"orientation":{"rotationYaw":-2.046294450917623,"rotationPitch":0,"rotationRoll":0}}},{"id":0,"category":"car","box3d":{"dimension":{"width":2.0300000000000002,"length":4.84,"height":1.990233},"location":{"x":19.912968841651875,"y":8.194980678052575,"z":1.6147783778275122},"orientation":{"rotationYaw":1.6075325273148857,"rotationPitch":0,"rotationRoll":0}}},{"id":2,"category":"car","box3d":{"dimension":{"width":1.882464,"length":4.5770183,"height":1.5925279},"location":{"x":20.58784149673263,"y":10.873030443943135,"z":1.365750245050755},"orientation":{"rotationYaw":1.6335539693319843,"rotationPitch":0,"rotationRoll":0}}}]}