{"name":"000016","timestamp":0,"index":16,"labels":[{"id":3,"category":"car","box3d":{"dimension":{"width":1.9228693,"length":4.60366,"height":1.7161851},"location":{"x":7.471596519560111,"y":-3.378584563028772,"z":1.2008736037873236},"orientation":{"rotationYaw":-1.5533670017695984,"rotationPitch":0,"rotationRoll":0}}},{"id":6,"category":"car","box3d":{"dimension":{"width":1.8728205,"length":4.565788,"height":1.6715074},"location":{"x":12.361112884331988,"y":-3.314874424442977,"z":1.2179650227785421},"orientation":{"rotationYaw":-1.545241040611268,"rotationPitch":0,"rotationRoll":0}}},{"id":5,"category":"pedestrian","box3d":{"dimension":{"width":0.7128304,"length":0.8714433,"height":1.7301706},"location":{"x":14.445173466065784,"y":-1.8185292131988777,"z":1.3452572321602898},"orientation":{"rotationYaw":-2.046294450917623,"rotationPitch":0,"rotationRoll":0}}}]}