{"name":"000011","timestamp":0,"index":11,"labels":[{"id":3,"category":"car","box3d":{"dimension":{"width":1.9228693,"length":4.60366,"height":1.7161851},"location":{"x":8.513263186226789,"y":-3.4016925930691992,"z":1.0462403627841008},"orientation":{"rotationYaw":-1.5533670017695984,"rotationPitch":0,"rotationRoll":0}}},{"id":6,"category":"car","box3d":{"dimension":{"width":1.8728205,"length":4.565788,"height":1.6715074},"location":{"x":13.627560252753032,"y":-3.278388061221249,"z":1.2179650592665292},"orientation":{"rotationYaw":-1.545241040611268,"rotationPitch":0,"rotationRoll":0}}},{"id":5,"category":"pedestrian","box3d":{"dimension":{"width":0.7128304,"length":0.8714433,"height":1.7301706},"location":{"x":15.185652744156043,"y":-1.716395057511873,"z":1.3452573342989838},"orientation":{"rotationYaw":-2.046294450917623,"rotationPitch":0,"rotationRoll":0}}},{"id":0,"category":"car","box3d":{"dimension":{"width":2.0300000000000002,"length":4.84,"height":1.468628},"location":{"x":14.951891209474693,"y":8.114073227808273,"z":0.725956554362542},"orientation":{"rotationYaw":1.58,"rotationPitch":0,"rotationRoll":0}}}]}