{"name":"000002","timestamp":0,"index":2,"labels":[{"id":1,"category":"car","box3d":{"dimension":{"width":2.14,"length":4.564567,"height":1.6524644},"location":{"x":10.773456119118213,"y":-4.550146469523831,"z":0.4212815851674318},"orientation":{"rotationYaw":-1.5683089027973276,"rotationPitch":0,"rotationRoll":0}}},{"id":3,"category":"truck","box3d":{"dimension":{"width":3,"length":7.81825,"height":3.3949091},"location":{"x":17.220192143438968,"y":-4.09547333429594,"z":2.2376074884812764},"orientation":{"rotationYaw":1.58,"rotationPitch":0,"rotationRoll":0}}}]}