{"name":"000005","timestamp":0,"index":5,"labels":[{"id":1,"category":"car","box3d":{"dimension":{"width":2.14,"length":4.564567,"height":1.6524644},"location":{"x":9.53386749286091,"y":-4.60514381585342,"z":0.42128153016764086},"orientation":{"rotationYaw":-1.5683089027973274,"rotationPitch":0,"rotationRoll":0}}},{"id":3,"category":"truck","box3d":{"dimension":{"width":3,"length":7.81825,"height":3.3949091},"location":{"x":15.897964275431182,"y":-4.168803129402054,"z":2.2376074151482217},"orientation":{"rotationYaw":1.58,"rotationPitch":0,"rotationRoll":0}}}]}