{"name":"000043","timestamp":0,"index":43,"labels":[{"id":5,"category":"trailer","box3d":{"dimension":{"width":3,"length":13.06,"height":3.9592717},"location":{"x":22.547654484093847,"y":-4.606284958477235,"z":2.6689740980778844},"orientation":{"rotationYaw":-1.5900000000000003,"rotationPitch":0,"rotationRoll":0}}},{"id":0,"category":"car","box3d":{"dimension":{"width":1.8434016,"length":4.343986,"height":1.6134629},"location":{"x":21.02895984913933,"y":0.3011273011044938,"z":1.3532869598060386},"orientation":{"rotationYaw":-1.539287212349561,"rotationPitch":0,"rotationRoll":0}}}]}