{"name":"000041","timestamp":0,"index":41,"labels":[{"id":5,"category":"trailer","box3d":{"dimension":{"width":3,"length":13.06,"height":3.9592717},"location":{"x":23.247654484093847,"y":-4.578555322428722,"z":2.668974125808753},"orientation":{"rotationYaw":-1.59,"rotationPitch":0,"rotationRoll":0}}},{"id":0,"category":"car","box3d":{"dimension":{"width":1.8434016,"length":4.343986,"height":1.6134629},"location":{"x":21.37270984913933,"y":0.26646525604385174,"z":1.353286925142453},"orientation":{"rotationYaw":-1.539287212349561,"rotationPitch":0,"rotationRoll":0}}}]}