{"name":"000003","timestamp":0,"index":3,"labels":[{"id":1,"category":"car","box3d":{"dimension":{"width":2.14,"length":4.564567,"height":1.6524644},"location":{"x":10.360259910365778,"y":-4.568478918300361,"z":0.4212815668341682},"orientation":{"rotationYaw":-1.5683089027973276,"rotationPitch":0,"rotationRoll":0}}},{"id":3,"category":"truck","box3d":{"dimension":{"width":3,"length":7.81825,"height":3.3949091},"location":{"x":16.823523783036634,"y":-4.09547333429594,"z":2.2376074884812764},"orientation":{"rotationYaw":1.58,"rotationPitch":0,"rotationRoll":0}}}]}