{"name":"000049","timestamp":0,"index":49,"labels":[{"id":5,"category":"trailer","box3d":{"dimension":{"width":3,"length":13.06,"height":3.9592717},"location":{"x":20.51015448409385,"y":-4.620149776501491,"z":2.6689740842124503},"orientation":{"rotationYaw":-1.5900000000000003,"rotationPitch":0,"rotationRoll":0}}},{"id":0,"category":"car","box3d":{"dimension":{"width":1.8434016,"length":4.343986,"height":1.6134629},"location":{"x":19.966459849139326,"y":0.4397754813470599,"z":1.3532870984603877},"orientation":{"rotationYaw":-1.539287212349561,"rotationPitch":0,"rotationRoll":0}}}]}