{"name":"000000","timestamp":0,"index":0,"labels":[{"id":1,"category":"car","box3d":{"dimension":{"width":2.14,"length":4.564567,"height":1.6524644},"location":{"x":11.599848536623082,"y":-4.513481571970772,"z":0.42128162183395906},"orientation":{"rotationYaw":-1.5683089027973276,"rotationPitch":0,"rotationRoll":0}}},{"id":3,"category":"truck","box3d":{"dimension":{"width":3,"length":7.81825,"height":3.3949091},"location":{"x":18.013528864243636,"y":-4.09547333429594,"z":2.2376074884812764},"orientation":{"rotationYaw":1.58,"rotationPitch":0,"rotationRoll":0}}}]}