{"name":"000006","timestamp":0,"index":6,"labels":[{"id":1,"category":"car","box3d":{"dimension":{"width":2.14,"length":4.564567,"height":1.6524644},"location":{"x":9.120671284108475,"y":-4.62347626462995,"z":0.42128151183437723},"orientation":{"rotationYaw":-1.5683089027973274,"rotationPitch":0,"rotationRoll":0}}},{"id":3,"category":"truck","box3d":{"dimension":{"width":3,"length":7.81825,"height":3.3949091},"location":{"x":15.435184521628456,"y":-4.205468026955111,"z":2.2376073784816946},"orientation":{"rotationYaw":1.58,"rotationPitch":0,"rotationRoll":0}}}]}