{"name":"000040","timestamp":0,"index":40,"labels":[{"id":5,"category":"trailer","box3d":{"dimension":{"width":3,"length":13.06,"height":3.9592717},"location":{"x":23.597654484093848,"y":-4.564690504404465,"z":2.6689741396741877},"orientation":{"rotationYaw":-1.59,"rotationPitch":0,"rotationRoll":0}}},{"id":0,"category":"car","box3d":{"dimension":{"width":1.8434016,"length":4.343986,"height":1.6134629},"location":{"x":21.54458484913933,"y":0.24913423351353073,"z":1.3532869078106602},"orientation":{"rotationYaw":-1.539287212349561,"rotationPitch":0,"rotationRoll":0}}}]}