{"name":"000004","timestamp":0,"index":4,"labels":[{"id":1,"category":"car","box3d":{"dimension":{"width":2.14,"length":4.564567,"height":1.6524644},"location":{"x":9.947063701613343,"y":-4.586811367076891,"z":0.4212815485009045},"orientation":{"rotationYaw":-1.5683089027973274,"rotationPitch":0,"rotationRoll":0}}},{"id":3,"category":"truck","box3d":{"dimension":{"width":3,"length":7.81825,"height":3.3949091},"location":{"x":16.360744029233906,"y":-4.132138231848997,"z":2.2376074518147493},"orientation":{"rotationYaw":1.58,"rotationPitch":0,"rotationRoll":0}}}]}