{"name":"000048","timestamp":0,"index":48,"labels":[{"id":5,"category":"trailer","box3d":{"dimension":{"width":3,"length":13.06,"height":3.9592717},"location":{"x":20.847654484093848,"y":-4.620149776501491,"z":2.6689740842124503},"orientation":{"rotationYaw":-1.5900000000000003,"rotationPitch":0,"rotationRoll":0}}},{"id":0,"category":"car","box3d":{"dimension":{"width":1.8434016,"length":4.343986,"height":1.6134629},"location":{"x":20.21645984913933,"y":0.4051134362864178,"z":1.353287063796804},"orientation":{"rotationYaw":-1.539287212349561,"rotationPitch":0,"rotationRoll":0}}}]}