{"name":"000039","timestamp":0,"index":39,"labels":[{"id":0,"category":"car","box3d":{"dimension":{"width":1.8434016,"length":4.343986,"height":1.6134629},"location":{"x":21.71645984913933,"y":0.2318032109832097,"z":1.3532868904788675},"orientation":{"rotationYaw":-1.539287212349561,"rotationPitch":0,"rotationRoll":0}}},{"id":5,"category":"trailer","box3d":{"dimension":{"width":3,"length":13.06,"height":3.9592717},"location":{"x":23.947654484093846,"y":-4.550825686380209,"z":2.668974153539622},"orientation":{"rotationYaw":-1.59,"rotationPitch":0,"rotationRoll":0}}}]}