{"name":"000037","timestamp":0,"index":37,"labels":[{"id":0,"category":"car","box3d":{"dimension":{"width":1.8274103,"length":4.4943767,"height":1.5919175},"location":{"x":14.506539890305204,"y":-0.10801736847247412,"z":0.7914489482156858},"orientation":{"rotationYaw":-1.24,"rotationPitch":0,"rotationRoll":0}}},{"id":1,"category":"pedestrian","box3d":{"dimension":{"width":0.67852867,"length":0.7900834,"height":1.6997751},"location":{"x":40.75751034296318,"y":22.351940692387164,"z":1.1787194582988432},"orientation":{"rotationYaw":0.9301577105171033,"rotationPitch":0,"rotationRoll":0}}}]}