{"name":"000023","timestamp":0,"index":23,"labels":[{"id":0,"category":"car","box3d":{"dimension":{"width":1.8300959,"length":4.533073,"height":1.5860581},"location":{"x":13.59444310302396,"y":-2.1921543716064518,"z":1.025281611996978},"orientation":{"rotationYaw":-1.42,"rotationPitch":0,"rotationRoll":0}}},{"id":1,"category":"pedestrian","box3d":{"dimension":{"width":0.69305503,"length":0.8190751,"height":1.7700876},"location":{"x":43.280780465214214,"y":17.727407726456494,"z":2.058394882717005},"orientation":{"rotationYaw":1.347070234897547,"rotationPitch":0,"rotationRoll":0}}}]}