{"name":"000010","timestamp":0,"index":10,"labels":[{"id":0,"category":"car","box3d":{"dimension":{"width":1.8663508,"length":4.557609,"height":1.6520982},"location":{"x":11.945414145761502,"y":-3.468548075515288,"z":0.9232779609432815},"orientation":{"rotationYaw":-1.5521206185313137,"rotationPitch":0,"rotationRoll":0}}},{"id":1,"category":"pedestrian","box3d":{"dimension":{"width":0.6561898,"length":0.73667765,"height":1.7157053},"location":{"x":51.74736709376524,"y":13.18244126425025,"z":2.1698142184169824},"orientation":{"rotationYaw":1.3048929030554604,"rotationPitch":0,"rotationRoll":0}}}]}