{"name":"000012","timestamp":0,"index":12,"labels":[{"id":0,"category":"car","box3d":{"dimension":{"width":1.8452326,"length":4.5253825,"height":1.6391587},"location":{"x":12.166148184112084,"y":-3.204005230776182,"z":0.9598793496775112},"orientation":{"rotationYaw":-1.5451361929889948,"rotationPitch":0,"rotationRoll":0}}},{"id":1,"category":"pedestrian","box3d":{"dimension":{"width":0.64691246,"length":0.67002726,"height":1.7529978},"location":{"x":53.79533318341647,"y":14.965885883028216,"z":2.1661187918297924},"orientation":{"rotationYaw":1.5538912876034556,"rotationPitch":0,"rotationRoll":0}}}]}