{"name":"000031","timestamp":0,"index":31,"labels":[{"id":0,"category":"car","box3d":{"dimension":{"width":1.8246027,"length":4.51049,"height":1.5837388},"location":{"x":14.213853815513714,"y":-0.9885749337299723,"z":0.9004612745469253},"orientation":{"rotationYaw":-1.31,"rotationPitch":0,"rotationRoll":0}}},{"id":1,"category":"pedestrian","box3d":{"dimension":{"width":0.68194664,"length":0.7787614,"height":1.708198},"location":{"x":46.553449228563956,"y":23.442054967512902,"z":1.106785755133668},"orientation":{"rotationYaw":1.0267812610946425,"rotationPitch":0,"rotationRoll":0}}}]}