{"name":"000043","timestamp":0,"index":43,"labels":[{"id":0,"category":"car","box3d":{"dimension":{"width":1.8307062,"length":4.5115886,"height":1.5416245},"location":{"x":14.724657298832021,"y":0.45357501240402615,"z":1.0144530265969502},"orientation":{"rotationYaw":-1.1400000000000001,"rotationPitch":0,"rotationRoll":0}}},{"id":1,"category":"pedestrian","box3d":{"dimension":{"width":0.6907357,"length":0.79203653,"height":1.7174448},"location":{"x":39.38057878549168,"y":22.859768900577947,"z":1.2825456248200853},"orientation":{"rotationYaw":0.965850946990586,"rotationPitch":0,"rotationRoll":0}}}]}