{"name":"000011","timestamp":0,"index":11,"labels":[{"id":0,"category":"car","box3d":{"dimension":{"width":1.8462092,"length":4.5461345,"height":1.6374497},"location":{"x":11.965853516219827,"y":-3.3530960163912757,"z":0.9882172373093187},"orientation":{"rotationYaw":-1.54492112624418,"rotationPitch":0,"rotationRoll":0}}},{"id":1,"category":"pedestrian","box3d":{"dimension":{"width":0.6622933,"length":0.7400956,"height":1.750007},"location":{"x":49.84756567955443,"y":13.356929931059828,"z":2.1271892668580823},"orientation":{"rotationYaw":1.4127277468168762,"rotationPitch":0,"rotationRoll":0}}}]}