{"name":"000038","timestamp":0,"index":38,"labels":[{"id":0,"category":"car","box3d":{"dimension":{"width":1.8270441,"length":4.504997,"height":1.5865464},"location":{"x":14.594999480120658,"y":0.03641736986619587,"z":0.9484946959521907},"orientation":{"rotationYaw":-1.24,"rotationPitch":0,"rotationRoll":0}}},{"id":1,"category":"pedestrian","box3d":{"dimension":{"width":0.6923226,"length":0.8574052,"height":1.7815622},"location":{"x":40.115797211359414,"y":22.14855254954902,"z":1.1948055896473986},"orientation":{"rotationYaw":0.5782671522753104,"rotationPitch":0,"rotationRoll":0}}}]}