{"name":"000009","timestamp":0,"index":9,"labels":[{"id":0,"category":"car","box3d":{"dimension":{"width":1.870257,"length":4.603416,"height":1.6555161},"location":{"x":11.753729131967676,"y":-3.4541118082440025,"z":0.9555769431766223},"orientation":{"rotationYaw":-1.5544383829180601,"rotationPitch":0,"rotationRoll":0}}},{"id":1,"category":"pedestrian","box3d":{"dimension":{"width":0.6676034,"length":0.71494913,"height":1.7588571},"location":{"x":58.63014175322649,"y":14.579250808598621,"z":2.2017644597537323},"orientation":{"rotationYaw":1.3898130459927043,"rotationPitch":0,"rotationRoll":0}}}]}