{"name":"000019","timestamp":0,"index":19,"labels":[{"id":0,"category":"car","box3d":{"dimension":{"width":1.828509,"length":4.524406,"height":1.573607},"location":{"x":13.083967381991707,"y":-2.643582436787817,"z":0.9644573347255944},"orientation":{"rotationYaw":-1.5319331339709246,"rotationPitch":0,"rotationRoll":0}}},{"id":1,"category":"pedestrian","box3d":{"dimension":{"width":0.6749886,"length":0.8182206,"height":1.7775339},"location":{"x":48.30680752473761,"y":17.46722305919984,"z":2.0597822577743967},"orientation":{"rotationYaw":1.0565366811636974,"rotationPitch":0,"rotationRoll":0}}}]}