{"name":"000040","timestamp":0,"index":40,"labels":[{"id":0,"category":"car","box3d":{"dimension":{"width":1.844256,"length":4.5302653,"height":1.6003404},"location":{"x":14.600699643417412,"y":0.15893676715115546,"z":1.0336790883150964},"orientation":{"rotationYaw":-1.18,"rotationPitch":0,"rotationRoll":0}}},{"id":1,"category":"pedestrian","box3d":{"dimension":{"width":0.68231285,"length":0.79099894,"height":1.7041696},"location":{"x":39.843269092699046,"y":22.445312754208235,"z":1.2133693770144345},"orientation":{"rotationYaw":0.9113882582877038,"rotationPitch":0,"rotationRoll":0}}}]}