{"name":"000007","timestamp":0,"index":7,"labels":[{"id":0,"category":"car","box3d":{"dimension":{"width":1.8517023,"length":4.500358,"height":1.5886216},"location":{"x":11.387479530819201,"y":-3.514121079911734,"z":0.956076861757451},"orientation":{"rotationYaw":-1.548815534974862,"rotationPitch":0,"rotationRoll":0}}},{"id":1,"category":"pedestrian","box3d":{"dimension":{"width":0.65005577,"length":0.67783976,"height":1.7276071},"location":{"x":61.93779556636889,"y":14.207568227111404,"z":2.0573241380164773},"orientation":{"rotationYaw":1.5416411456962802,"rotationPitch":0,"rotationRoll":0}}}]}