{"name":"000030","timestamp":0,"index":30,"labels":[{"id":0,"category":"car","box3d":{"dimension":{"width":1.8342463,"length":4.525871,"height":1.5811753},"location":{"x":14.173496470098845,"y":-1.0757682077400272,"z":0.9719126397511545},"orientation":{"rotationYaw":-1.28,"rotationPitch":0,"rotationRoll":0}}},{"id":1,"category":"pedestrian","box3d":{"dimension":{"width":0.6685189,"length":0.7785783,"height":1.7119821},"location":{"x":48.72133141474203,"y":24.008519123097418,"z":1.1542355859105593},"orientation":{"rotationYaw":1.251734710323861,"rotationPitch":0,"rotationRoll":0}}}]}