{"name":"000042","timestamp":0,"index":42,"labels":[{"id":0,"category":"car","box3d":{"dimension":{"width":1.8280207,"length":4.5010905,"height":1.5651841},"location":{"x":14.748640707497822,"y":0.392115279539121,"z":1.0049374339595296},"orientation":{"rotationYaw":-1.18,"rotationPitch":0,"rotationRoll":0}}},{"id":1,"category":"pedestrian","box3d":{"dimension":{"width":0.6804818,"length":0.8105912,"height":1.762916},"location":{"x":40.29392719234387,"y":23.167067721639125,"z":1.2611804843305392},"orientation":{"rotationYaw":0.1703625437790759,"rotationPitch":0,"rotationRoll":0}}}]}