{"name":"000014","timestamp":0,"index":14,"labels":[{"id":0,"category":"car","box3d":{"dimension":{"width":1.8366877,"length":4.5285563,"height":1.6076646},"location":{"x":12.402836132900015,"y":-3.176514550879492,"z":0.9592865716772765},"orientation":{"rotationYaw":-1.5387403948335567,"rotationPitch":0,"rotationRoll":0}}},{"id":1,"category":"pedestrian","box3d":{"dimension":{"width":0.6474618,"length":0.6805253,"height":1.7090524},"location":{"x":55.17193102114606,"y":16.580021913405204,"z":2.155330118557571},"orientation":{"rotationYaw":0.2494677738072686,"rotationPitch":0,"rotationRoll":0}}}]}