{"name":"000036","timestamp":0,"index":36,"labels":[{"id":0,"category":"car","box3d":{"dimension":{"width":1.8344904,"length":4.5201335,"height":1.5859361},"location":{"x":14.540707887069571,"y":-0.2840540340023726,"z":0.7438949181509428},"orientation":{"rotationYaw":-1.21,"rotationPitch":0,"rotationRoll":0}}},{"id":1,"category":"pedestrian","box3d":{"dimension":{"width":0.70489585,"length":0.85697794,"height":1.7891916},"location":{"x":41.37503866815367,"y":22.363721160556235,"z":1.1576070006466421},"orientation":{"rotationYaw":-0.6678498001837623,"rotationPitch":0,"rotationRoll":0}}}]}