{"name":"000021","timestamp":0,"index":21,"labels":[{"id":0,"category":"car","box3d":{"dimension":{"width":1.8281428,"length":4.524284,"height":1.5791001},"location":{"x":13.32336095030139,"y":-2.4142216957043354,"z":1.0247805019590543},"orientation":{"rotationYaw":-1.5252006161318281,"rotationPitch":0,"rotationRoll":0}}},{"id":1,"category":"pedestrian","box3d":{"dimension":{"width":0.69012535,"length":0.8002763,"height":1.7947458},"location":{"x":40.44600116734897,"y":15.568074155957659,"z":2.2200441583674833},"orientation":{"rotationYaw":1.3570515143351303,"rotationPitch":0,"rotationRoll":0}}}]}