{"name":"000032","timestamp":0,"index":32,"labels":[{"id":0,"category":"car","box3d":{"dimension":{"width":1.8296076,"length":4.523063,"height":1.5871568},"location":{"x":14.268026076166247,"y":-0.7903107764125619,"z":0.8959649855611225},"orientation":{"rotationYaw":-1.31,"rotationPitch":0,"rotationRoll":0}}},{"id":1,"category":"pedestrian","box3d":{"dimension":{"width":0.6681527,"length":0.7883744,"height":1.706489},"location":{"x":47.678175331730145,"y":24.389668657678634,"z":1.0498040235923267},"orientation":{"rotationYaw":1.284230304022302,"rotationPitch":0,"rotationRoll":0}}}]}