{"name":"000006","timestamp":0,"index":6,"labels":[{"id":0,"category":"car","box3d":{"dimension":{"width":1.8751398,"length":4.5128093,"height":1.5773911},"location":{"x":11.492438499407866,"y":-3.489195112424592,"z":0.9575180324108744},"orientation":{"rotationYaw":-1.5540801957376758,"rotationPitch":0,"rotationRoll":0}}},{"id":1,"category":"pedestrian","box3d":{"dimension":{"width":0.6620492,"length":0.6983781,"height":1.772529},"location":{"x":59.48038265933366,"y":12.742889988238932,"z":2.144015536442614},"orientation":{"rotationYaw":1.784310975512093,"rotationPitch":0,"rotationRoll":0}}}]}