{"name":"000000","timestamp":0,"index":0,"labels":[{"id":0,"category":"car","box3d":{"dimension":{"width":1.8573176,"length":4.4835124,"height":1.5668931},"location":{"x":10.425257875056559,"y":-3.7695228692751312,"z":0.9566974931452938},"orientation":{"rotationYaw":-1.5586702470741125,"rotationPitch":0,"rotationRoll":0}}},{"id":1,"category":"pedestrian","box3d":{"dimension":{"width":0.69445884,"length":0.7378373,"height":1.8154978},"location":{"x":61.72469435158033,"y":9.845062850609333,"z":2.559547638557575},"orientation":{"rotationYaw":2.8501873174823658,"rotationPitch":0,"rotationRoll":0}}}]}