{"name":"000039","timestamp":0,"index":39,"labels":[{"id":0,"category":"car","box3d":{"dimension":{"width":1.8416926,"length":4.533439,"height":1.6027818},"location":{"x":14.661213057900934,"y":-0.028369493831389703,"z":0.9950142521913528},"orientation":{"rotationYaw":-1.18,"rotationPitch":0,"rotationRoll":0}}},{"id":1,"category":"pedestrian","box3d":{"dimension":{"width":0.6836556,"length":0.8089433,"height":1.7236093},"location":{"x":39.00527628293556,"y":21.746035895524848,"z":1.221095884749506},"orientation":{"rotationYaw":1.0380131564887622,"rotationPitch":0,"rotationRoll":0}}}]}