{"name":"000028","timestamp":0,"index":28,"labels":[{"id":0,"category":"car","box3d":{"dimension":{"width":1.8438898,"length":4.531364,"height":1.591063},"location":{"x":14.015467666942747,"y":-1.4404050266467803,"z":0.9637380721408628},"orientation":{"rotationYaw":-1.35,"rotationPitch":0,"rotationRoll":0}}},{"id":1,"category":"pedestrian","box3d":{"dimension":{"width":0.69183433,"length":0.8339677,"height":1.7656931},"location":{"x":48.120855544780824,"y":22.517314341483793,"z":1.3256315880760647},"orientation":{"rotationYaw":0.9334479671789238,"rotationPitch":0,"rotationRoll":0}}}]}