{"name":"000027","timestamp":0,"index":27,"labels":[{"id":0,"category":"car","box3d":{"dimension":{"width":1.839007,"length":4.527702,"height":1.5878892},"location":{"x":13.858953475682986,"y":-1.5944232328988586,"z":0.9788843990725353},"orientation":{"rotationYaw":-1.3800000000000001,"rotationPitch":0,"rotationRoll":0}}},{"id":1,"category":"pedestrian","box3d":{"dimension":{"width":0.71099937,"length":0.8216996,"height":1.7658151},"location":{"x":50.73657744677697,"y":23.462852181287424,"z":1.3910442719333183},"orientation":{"rotationYaw":1.2826504315970146,"rotationPitch":0,"rotationRoll":0}}}]}