{"name":"000002","timestamp":0,"index":2,"labels":[{"id":0,"category":"car","box3d":{"dimension":{"width":1.8473078,"length":4.4747233,"height":1.5712876},"location":{"x":10.85644666771752,"y":-4.002106042497762,"z":0.9443447121615582},"orientation":{"rotationYaw":-1.554480533526915,"rotationPitch":0,"rotationRoll":0}}},{"id":1,"category":"pedestrian","box3d":{"dimension":{"width":0.68478477,"length":0.7436967,"height":1.7813181},"location":{"x":63.32669820303756,"y":11.183768568979765,"z":2.416301913033367},"orientation":{"rotationYaw":1.4026416976897915,"rotationPitch":0,"rotationRoll":0}}}]}