{"name":"000033","timestamp":0,"index":33,"labels":[{"id":0,"category":"car","box3d":{"dimension":{"width":1.8366877,"length":4.5197673,"height":1.5905747},"location":{"x":14.327639875154476,"y":-0.7203419462481857,"z":0.8925669212462564},"orientation":{"rotationYaw":-1.31,"rotationPitch":0,"rotationRoll":0}}},{"id":1,"category":"pedestrian","box3d":{"dimension":{"width":0.6849984,"length":0.78617716,"height":1.7281259},"location":{"x":44.601787073178095,"y":23.206184542360187,"z":1.1632232482464402},"orientation":{"rotationYaw":1.3046919983069338,"rotationPitch":0,"rotationRoll":0}}}]}