{"name":"000034","timestamp":0,"index":34,"labels":[{"id":0,"category":"car","box3d":{"dimension":{"width":1.837176,"length":4.515617,"height":1.5769029},"location":{"x":14.433760725445708,"y":-0.6236871361508916,"z":0.9061013849561779},"orientation":{"rotationYaw":-1.31,"rotationPitch":0,"rotationRoll":0}}},{"id":1,"category":"pedestrian","box3d":{"dimension":{"width":0.7005013,"length":0.80021524,"height":1.7116159},"location":{"x":44.16399889422027,"y":23.256476244275863,"z":1.0879644611284056},"orientation":{"rotationYaw":0.9302969735621192,"rotationPitch":0,"rotationRoll":0}}}]}