{"name":"000035","timestamp":0,"index":35,"labels":[{"id":0,"category":"car","box3d":{"dimension":{"width":1.8272883,"length":4.5167155,"height":1.5712876},"location":{"x":14.352786312741577,"y":-0.4616923055745905,"z":0.7758248886813219},"orientation":{"rotationYaw":-1.28,"rotationPitch":0,"rotationRoll":0}}},{"id":1,"category":"pedestrian","box3d":{"dimension":{"width":0.68316734,"length":0.77644205,"height":1.710029},"location":{"x":40.59448456522292,"y":21.661510048577313,"z":1.2049462769149013},"orientation":{"rotationYaw":1.030322595264586,"rotationPitch":0,"rotationRoll":0}}}]}