{"name":"000022","timestamp":0,"index":22,"labels":[{"id":0,"category":"car","box3d":{"dimension":{"width":1.8300959,"length":4.5285563,"height":1.5906968},"location":{"x":13.45326226207979,"y":-2.305933606614857,"z":0.9645496779150758},"orientation":{"rotationYaw":-1.45,"rotationPitch":0,"rotationRoll":0}}},{"id":1,"category":"pedestrian","box3d":{"dimension":{"width":0.6766976,"length":0.8027177,"height":1.7757028},"location":{"x":40.37968192767636,"y":15.841850502207471,"z":2.1466951654805797},"orientation":{"rotationYaw":0.9117793368160827,"rotationPitch":0,"rotationRoll":0}}}]}