{"name":"000003","timestamp":0,"index":3,"labels":[{"id":0,"category":"car","box3d":{"dimension":{"width":1.863177,"length":4.49633,"height":1.5847154},"location":{"x":11.006996820971235,"y":-3.7185667068705044,"z":0.9152058751559125},"orientation":{"rotationYaw":-1.5531943281393117,"rotationPitch":0,"rotationRoll":0}}},{"id":1,"category":"pedestrian","box3d":{"dimension":{"width":0.67001426,"length":0.6984086,"height":1.7852243},"location":{"x":62.82020992127718,"y":15.635704459819708,"z":2.3217166637921522},"orientation":{"rotationYaw":1.5215938288622353,"rotationPitch":0,"rotationRoll":0}}}]}