{"name":"000018","timestamp":0,"index":18,"labels":[{"id":0,"category":"car","box3d":{"dimension":{"width":1.8484064,"length":4.5319743,"height":1.6069322},"location":{"x":12.893396593850088,"y":-2.8351960907021643,"z":1.0487537388106374},"orientation":{"rotationYaw":-1.5359528709502257,"rotationPitch":0,"rotationRoll":0}}},{"id":1,"category":"pedestrian","box3d":{"dimension":{"width":0.64325035,"length":0.829268,"height":1.7764658},"location":{"x":50.54186587363484,"y":17.52029220476815,"z":2.0459585292920135},"orientation":{"rotationYaw":-0.15520674323698014,"rotationPitch":0,"rotationRoll":0}}}]}