{"name":"000041","timestamp":0,"index":41,"labels":[{"id":0,"category":"car","box3d":{"dimension":{"width":1.8174006,"length":4.4695964,"height":1.5516343},"location":{"x":14.818246510668736,"y":0.33578567959623684,"z":0.9287204371085205},"orientation":{"rotationYaw":-1.24,"rotationPitch":0,"rotationRoll":0}}},{"id":1,"category":"pedestrian","box3d":{"dimension":{"width":0.6845101,"length":0.79954386,"height":1.7324594},"location":{"x":41.61806296731881,"y":23.84437312397194,"z":1.194496035722577},"orientation":{"rotationYaw":1.0258047177332856,"rotationPitch":0,"rotationRoll":0}}}]}