{"name":"000013","timestamp":0,"index":13,"labels":[{"id":0,"category":"car","box3d":{"dimension":{"width":1.8324152,"length":4.526603,"height":1.5856919},"location":{"x":12.419173053823469,"y":-3.1845205670156163,"z":0.9474785717990102},"orientation":{"rotationYaw":-1.5388458565393552,"rotationPitch":0,"rotationRoll":0}}},{"id":1,"category":"pedestrian","box3d":{"dimension":{"width":0.66180503,"length":0.7117753,"height":1.7550119},"location":{"x":53.942224687975205,"y":15.796902554017336,"z":2.1912479120565864},"orientation":{"rotationYaw":1.4645740159632854,"rotationPitch":0,"rotationRoll":0}}}]}