{"name":"000020","timestamp":0,"index":20,"labels":[{"id":0,"category":"car","box3d":{"dimension":{"width":1.8340021,"length":4.525871,"height":1.5761704},"location":{"x":13.293201675980654,"y":-2.5241013874049827,"z":0.9773872105388666},"orientation":{"rotationYaw":-1.5313024238688158,"rotationPitch":0,"rotationRoll":0}}},{"id":1,"category":"pedestrian","box3d":{"dimension":{"width":0.66961753,"length":0.81724405,"height":1.7576364},"location":{"x":43.972705260126396,"y":16.191257124640927,"z":2.0954173543570596},"orientation":{"rotationYaw":1.0305837374502649,"rotationPitch":0,"rotationRoll":0}}}]}