{"name":"000004","timestamp":0,"index":4,"labels":[{"id":0,"category":"car","box3d":{"dimension":{"width":1.8800226,"length":4.5201335,"height":1.6295762},"location":{"x":11.113827617636767,"y":-3.611695288404422,"z":0.9492995355661656},"orientation":{"rotationYaw":-1.556390154447218,"rotationPitch":0,"rotationRoll":0}}},{"id":1,"category":"pedestrian","box3d":{"dimension":{"width":0.6701516,"length":0.73374796,"height":1.7461618},"location":{"x":62.44350478995828,"y":12.370462843306363,"z":2.2573599447591217},"orientation":{"rotationYaw":1.5568701803088407,"rotationPitch":0,"rotationRoll":0}}}]}