{"name":"000025","timestamp":0,"index":25,"labels":[{"id":0,"category":"car","box3d":{"dimension":{"width":1.8474299,"length":4.5342937,"height":1.6043687},"location":{"x":13.721452488985255,"y":-1.6999890019629897,"z":1.0174435039169578},"orientation":{"rotationYaw":-1.35,"rotationPitch":0,"rotationRoll":0}}},{"id":1,"category":"pedestrian","box3d":{"dimension":{"width":0.6671761,"length":0.80613565,"height":1.7155222},"location":{"x":44.15924146109015,"y":19.195821346591963,"z":1.780487992914289},"orientation":{"rotationYaw":1.1073008303190934,"rotationPitch":0,"rotationRoll":0}}}]}