{"name":"000026","timestamp":0,"index":26,"labels":[{"id":0,"category":"car","box3d":{"dimension":{"width":1.826922,"length":4.515861,"height":1.5915513},"location":{"x":13.768882227982004,"y":-1.639642489776799,"z":1.012887625523573},"orientation":{"rotationYaw":-1.31,"rotationPitch":0,"rotationRoll":0}}},{"id":1,"category":"pedestrian","box3d":{"dimension":{"width":0.6776742,"length":0.78410196,"height":1.6897653},"location":{"x":41.30229581397458,"y":18.24182620281349,"z":1.7532219196920582},"orientation":{"rotationYaw":0.6786970495979898,"rotationPitch":0,"rotationRoll":0}}}]}