{"name":"000016","timestamp":0,"index":16,"labels":[{"id":0,"category":"car","box3d":{"dimension":{"width":1.835589,"length":4.533317,"height":1.608397},"location":{"x":12.696160770808405,"y":-3.0547543694508263,"z":0.9823754899710148},"orientation":{"rotationYaw":-1.535468829609794,"rotationPitch":0,"rotationRoll":0}}},{"id":1,"category":"pedestrian","box3d":{"dimension":{"width":0.6190804,"length":0.6926713,"height":1.7067331},"location":{"x":49.37878563109327,"y":15.96856469976141,"z":2.0063669641189796},"orientation":{"rotationYaw":0.9061905261633725,"rotationPitch":0,"rotationRoll":0}}}]}