{"name":"000008","timestamp":0,"index":8,"labels":[{"id":0,"category":"car","box3d":{"dimension":{"width":1.8680598,"length":4.5303874,"height":1.5957017},"location":{"x":11.644111536342223,"y":-3.5538002531350505,"z":0.9733277690806781},"orientation":{"rotationYaw":-1.5480674395932814,"rotationPitch":0,"rotationRoll":0}}},{"id":1,"category":"pedestrian","box3d":{"dimension":{"width":0.6631936,"length":0.69376993,"height":1.73249},"location":{"x":64.69425001571351,"y":15.327247617473342,"z":2.2150910872729375},"orientation":{"rotationYaw":1.6142356462643663,"rotationPitch":0,"rotationRoll":0}}}]}