{"name":"000029","timestamp":0,"index":29,"labels":[{"id":0,"category":"car","box3d":{"dimension":{"width":1.8313166,"length":4.527946,"height":1.5784898},"location":{"x":14.068610973887228,"y":-1.2867463092515066,"z":0.9062025743852452},"orientation":{"rotationYaw":-1.35,"rotationPitch":0,"rotationRoll":0}}},{"id":1,"category":"pedestrian","box3d":{"dimension":{"width":0.70159996,"length":0.82627726,"height":1.7675241},"location":{"x":41.76842849124148,"y":20.066009474705194,"z":1.4167479970022578},"orientation":{"rotationYaw":-1.4990283815576166,"rotationPitch":0,"rotationRoll":0}}}]}