{"name":"000024","timestamp":0,"index":24,"labels":[{"id":0,"category":"car","box3d":{"dimension":{"width":1.8300959,"length":4.5285563,"height":1.5773911},"location":{"x":13.70962920828772,"y":-1.8871375540848678,"z":1.0177822761287638},"orientation":{"rotationYaw":-1.3800000000000001,"rotationPitch":0,"rotationRoll":0}}},{"id":1,"category":"pedestrian","box3d":{"dimension":{"width":0.7030648,"length":0.8227372,"height":1.7563547},"location":{"x":50.942273695374645,"y":21.474519477116925,"z":1.8504422436923502},"orientation":{"rotationYaw":1.4182903788451349,"rotationPitch":0,"rotationRoll":0}}}]}