{"name":"000001","timestamp":0,"index":1,"labels":[{"id":0,"category":"car","box3d":{"dimension":{"width":1.8700129,"length":4.5064616,"height":1.5981431},"location":{"x":10.568198035004196,"y":-3.836408445083535,"z":0.9700008445096522},"orientation":{"rotationYaw":-1.554444402085835,"rotationPitch":0,"rotationRoll":0}}},{"id":1,"category":"pedestrian","box3d":{"dimension":{"width":0.65313804,"length":0.7136979,"height":1.7490915},"location":{"x":62.096415769161716,"y":10.564616116393198,"z":2.456568745278565},"orientation":{"rotationYaw":-1.8157008470082365,"rotationPitch":0,"rotationRoll":0}}}]}