{"name":"000017","timestamp":0,"index":17,"labels":[{"id":0,"category":"car","box3d":{"dimension":{"width":1.8427912,"length":4.5303874,"height":1.6312242},"location":{"x":12.845927335276473,"y":-2.908800266807584,"z":0.9621747671960108},"orientation":{"rotationYaw":-1.5373917848998264,"rotationPitch":0,"rotationRoll":0}}},{"id":1,"category":"pedestrian","box3d":{"dimension":{"width":0.6688851,"length":0.8104081,"height":1.7485422},"location":{"x":49.64991323337586,"y":16.73252234273938,"z":2.027943402719282},"orientation":{"rotationYaw":0.9350443803112856,"rotationPitch":0,"rotationRoll":0}}}]}