{"name":"000013","timestamp":0,"index":13,"labels":[{"id":0,"category":"car","box3d":{"dimension":{"width":2.25,"length":4.618797,"height":1.6262193},"location":{"x":9.978013870709662,"y":3.8685053714475357,"z":1.0681679026304665},"orientation":{"rotationYaw":1.597006320674392,"rotationPitch":0,"rotationRoll":0}}},{"id":5,"category":"pedestrian","box3d":{"dimension":{"width":0.6537484,"length":0.67368937,"height":1.723945},"location":{"x":12.075277731127514,"y":-6.526241450602518,"z":1.1612243072161108},"orientation":{"rotationYaw":1.4784497498560754,"rotationPitch":0,"rotationRoll":0}}},{"id":3,"category":"car","box3d":{"dimension":{"width":2.0300000000000002,"length":4.5407634,"height":1.6560044},"location":{"x":12.488406132318406,"y":-8.079361073588387,"z":1.1232869814402373},"orientation":{"rotationYaw":-1.5642358058175292,"rotationPitch":0,"rotationRoll":0}}}]}