{"name":"000003","timestamp":0,"index":3,"labels":[{"id":0,"category":"car","box3d":{"dimension":{"width":2.25,"length":4.618797,"height":1.6262193},"location":{"x":12.634700214504289,"y":3.8267073882370495,"z":1.0681678608306353},"orientation":{"rotationYaw":1.597006320674392,"rotationPitch":0,"rotationRoll":0}}},{"id":5,"category":"pedestrian","box3d":{"dimension":{"width":0.6537484,"length":0.67368937,"height":1.723945},"location":{"x":14.870136887128961,"y":-6.700399713979535,"z":1.1612241330501063},"orientation":{"rotationYaw":1.4784497498560754,"rotationPitch":0,"rotationRoll":0}}},{"id":3,"category":"car","box3d":{"dimension":{"width":2.0300000000000002,"length":4.5407634,"height":1.6560044},"location":{"x":15.276984705946811,"y":-8.07936107358839,"z":1.1232869814402373},"orientation":{"rotationYaw":-1.5642358058175292,"rotationPitch":0,"rotationRoll":0}}}]}