{"name":"000014","timestamp":0,"index":14,"labels":[{"id":0,"category":"car","box3d":{"dimension":{"width":2.25,"length":4.618797,"height":1.6262193},"location":{"x":9.695387663922997,"y":3.9033370241229397,"z":1.0681679374636657},"orientation":{"rotationYaw":1.597006320674392,"rotationPitch":0,"rotationRoll":0}}},{"id":5,"category":"pedestrian","box3d":{"dimension":{"width":0.6537484,"length":0.67368937,"height":1.723945},"location":{"x":11.761248612475665,"y":-6.491409797927115,"z":1.1612243420493118},"orientation":{"rotationYaw":1.4784497498560754,"rotationPitch":0,"rotationRoll":0}}},{"id":3,"category":"car","box3d":{"dimension":{"width":2.0300000000000002,"length":4.5407634,"height":1.6560044},"location":{"x":12.488406132318406,"y":-8.079361073588387,"z":1.1232869814402373},"orientation":{"rotationYaw":-1.5642358058175292,"rotationPitch":0,"rotationRoll":0}}}]}