{"name":"000045","timestamp":0,"index":45,"labels":[{"id":0,"category":"car","box3d":{"dimension":{"width":1.8888727,"length":4.6636844,"height":1.5946031},"location":{"x":14.35383446501735,"y":3.9365550514473404,"z":1.1018125687765272},"orientation":{"rotationYaw":1.5927726152104118,"rotationPitch":0,"rotationRoll":0}}},{"id":1,"category":"car","box3d":{"dimension":{"width":1.8501154,"length":4.5532146,"height":1.5826402},"location":{"x":17.43124832294654,"y":-7.700546971663528,"z":1.401866864947947},"orientation":{"rotationYaw":-1.5275819626276768,"rotationPitch":0,"rotationRoll":0}}},{"id":4,"category":"car","box3d":{"dimension":{"width":1.9590021,"length":4.8309245,"height":1.962645},"location":{"x":23.917832199675086,"y":-6.880603822590308,"z":1.568667337907822},"orientation":{"rotationYaw":-1.5502979671906267,"rotationPitch":0,"rotationRoll":0}}}]}