{"name":"000048","timestamp":0,"index":48,"labels":[{"id":0,"category":"car","box3d":{"dimension":{"width":1.8888727,"length":4.6636844,"height":1.5946031},"location":{"x":11.655016830944023,"y":4.049092240551347,"z":1.10181268131872},"orientation":{"rotationYaw":1.5927726152104118,"rotationPitch":0,"rotationRoll":0}}},{"id":1,"category":"car","box3d":{"dimension":{"width":1.8501154,"length":4.5532146,"height":1.5826402},"location":{"x":16.284561389509847,"y":-7.525974046737655,"z":1.4018670395286268},"orientation":{"rotationYaw":-1.5275819626276765,"rotationPitch":0,"rotationRoll":0}}},{"id":4,"category":"car","box3d":{"dimension":{"width":1.9590021,"length":4.8309245,"height":1.962645},"location":{"x":22.906049611348593,"y":-6.992829274328371,"z":1.5686672256773824},"orientation":{"rotationYaw":-1.5502979671906267,"rotationPitch":0,"rotationRoll":0}}}]}