{"name":"000046","timestamp":0,"index":46,"labels":[{"id":0,"category":"car","box3d":{"dimension":{"width":1.8888727,"length":4.6636844,"height":1.5946031},"location":{"x":13.33924136950106,"y":4.026584802730545,"z":1.1018126588102806},"orientation":{"rotationYaw":1.5927726152104118,"rotationPitch":0,"rotationRoll":0}}},{"id":1,"category":"car","box3d":{"dimension":{"width":1.8501154,"length":4.5532146,"height":1.5826402},"location":{"x":17.026535287615946,"y":-7.650668993113279,"z":1.4018669148281429},"orientation":{"rotationYaw":-1.5275819626276765,"rotationPitch":0,"rotationRoll":0}}},{"id":4,"category":"car","box3d":{"dimension":{"width":1.9590021,"length":4.8309245,"height":1.962645},"location":{"x":23.580571336899588,"y":-6.9180123065029955,"z":1.5686673004976754},"orientation":{"rotationYaw":-1.5502979671906267,"rotationPitch":0,"rotationRoll":0}}}]}