{"name":"000044","timestamp":0,"index":44,"labels":[{"id":0,"category":"car","box3d":{"dimension":{"width":1.8888727,"length":4.6636844,"height":1.5946031},"location":{"x":15.36842756053364,"y":3.8465253001641364,"z":1.1018124787427739},"orientation":{"rotationYaw":1.5927726152104118,"rotationPitch":0,"rotationRoll":0}}},{"id":1,"category":"car","box3d":{"dimension":{"width":1.8501154,"length":4.5532146,"height":1.5826402},"location":{"x":17.83596135827714,"y":-7.7504249502137785,"z":1.4018668150677513},"orientation":{"rotationYaw":-1.5275819626276768,"rotationPitch":0,"rotationRoll":0}}},{"id":4,"category":"car","box3d":{"dimension":{"width":1.9590021,"length":4.8309245,"height":1.962645},"location":{"x":24.255093062450584,"y":-6.84319533867762,"z":1.5686673753179685},"orientation":{"rotationYaw":-1.5502979671906267,"rotationPitch":0,"rotationRoll":0}}}]}