{"name":"000049","timestamp":0,"index":49,"labels":[{"id":0,"category":"car","box3d":{"dimension":{"width":1.8888727,"length":4.6636844,"height":1.5946031},"location":{"x":10.985385387903275,"y":3.9815699270889446,"z":1.1018126137934061},"orientation":{"rotationYaw":1.5927726152104118,"rotationPitch":0,"rotationRoll":0}}},{"id":1,"category":"car","box3d":{"dimension":{"width":1.8501154,"length":4.5532146,"height":1.5826402},"location":{"x":15.947300526734349,"y":-7.4511570789122805,"z":1.4018671143489152},"orientation":{"rotationYaw":-1.5275819626276765,"rotationPitch":0,"rotationRoll":0}}},{"id":4,"category":"car","box3d":{"dimension":{"width":1.9590021,"length":4.8309245,"height":1.962645},"location":{"x":22.636240921128188,"y":-6.992829274328371,"z":1.5686672256773824},"orientation":{"rotationYaw":-1.5502979671906267,"rotationPitch":0,"rotationRoll":0}}}]}