{"name":"000047","timestamp":0,"index":47,"labels":[{"id":0,"category":"car","box3d":{"dimension":{"width":1.8888727,"length":4.6636844,"height":1.5946031},"location":{"x":12.32464827398477,"y":4.116614554013749,"z":1.101812748844034},"orientation":{"rotationYaw":1.5927726152104118,"rotationPitch":0,"rotationRoll":0}}},{"id":1,"category":"car","box3d":{"dimension":{"width":1.8501154,"length":4.5532146,"height":1.5826402},"location":{"x":16.621822252285348,"y":-7.600791014563029,"z":1.4018669647083386},"orientation":{"rotationYaw":-1.5275819626276765,"rotationPitch":0,"rotationRoll":0}}},{"id":4,"category":"car","box3d":{"dimension":{"width":1.9590021,"length":4.8309245,"height":1.962645},"location":{"x":23.24331047412409,"y":-6.955420790415683,"z":1.568667263087529},"orientation":{"rotationYaw":-1.5502979671906267,"rotationPitch":0,"rotationRoll":0}}}]}