{"name":"000013","timestamp":0,"index":13,"labels":[{"id":1,"category":"car","box3d":{"dimension":{"width":1.8363215,"length":4.4388347,"height":1.7242417},"location":{"x":8.853722087694987,"y":0.46400230246927615,"z":1.1766767207967304},"orientation":{"rotationYaw":-1.545045399588593,"rotationPitch":0,"rotationRoll":0}}},{"id":6,"category":"car","box3d":{"dimension":{"width":2.1095147,"length":5.342033,"height":2.4145494},"location":{"x":15.599665364566572,"y":-0.17876997522430316,"z":1.674785903630737},"orientation":{"rotationYaw":-1.5390066481434879,"rotationPitch":0,"rotationRoll":0}}}]}