{"name":"000000","timestamp":0,"index":0,"labels":[{"id":0,"category":"car","box3d":{"dimension":{"width":1.9454905,"length":4.8201823,"height":1.8051744},"location":{"x":13.91212415355122,"y":5.402004573243267,"z":1.1022612689402613},"orientation":{"rotationYaw":1.6179376220965578,"rotationPitch":0,"rotationRoll":0}}},{"id":1,"category":"car","box3d":{"dimension":{"width":1.8363215,"length":4.4388347,"height":1.7242417},"location":{"x":9.021822665994051,"y":0.46400230246927615,"z":1.1766767207967326},"orientation":{"rotationYaw":-1.5450453995885933,"rotationPitch":0,"rotationRoll":0}}},{"id":6,"category":"car","box3d":{"dimension":{"width":2.1095147,"length":5.342033,"height":2.4145494},"location":{"x":15.876745729092644,"y":-0.21403474889124163,"z":1.6747858683370045},"orientation":{"rotationYaw":-1.5390066481434879,"rotationPitch":0,"rotationRoll":0}}}]}