{"name":"000009","timestamp":0,"index":9,"labels":[{"id":1,"category":"car","box3d":{"dimension":{"width":1.8363215,"length":4.4388347,"height":1.7242417},"location":{"x":8.920962319014611,"y":0.46400230246927615,"z":1.1766767207967312},"orientation":{"rotationYaw":-1.545045399588593,"rotationPitch":0,"rotationRoll":0}}},{"id":6,"category":"car","box3d":{"dimension":{"width":2.1095147,"length":5.342033,"height":2.4145494},"location":{"x":15.660119262281352,"y":-0.19892127446255367,"z":1.67478588346289},"orientation":{"rotationYaw":-1.5390066481434879,"rotationPitch":0,"rotationRoll":0}}},{"id":0,"category":"car","box3d":{"dimension":{"width":1.9454905,"length":4.8201823,"height":1.8051744},"location":{"x":9.268498563703433,"y":5.402004573243269,"z":1.1022612689403255},"orientation":{"rotationYaw":1.617937622096558,"rotationPitch":0,"rotationRoll":0}}}]}