{"name":"000018","timestamp":0,"index":18,"labels":[{"id":1,"category":"car","box3d":{"dimension":{"width":1.8363215,"length":4.4388347,"height":1.7242417},"location":{"x":8.769671798545454,"y":0.46400230246927615,"z":1.1766767207967292},"orientation":{"rotationYaw":-1.545045399588593,"rotationPitch":0,"rotationRoll":0}}},{"id":6,"category":"car","box3d":{"dimension":{"width":2.1095147,"length":5.342033,"height":2.4145494},"location":{"x":15.5240979924231,"y":-0.15358085117649,"z":1.6747859288405462},"orientation":{"rotationYaw":-1.5390066481434879,"rotationPitch":0,"rotationRoll":0}}}]}