{"name":"000003","timestamp":0,"index":3,"labels":[{"id":1,"category":"car","box3d":{"dimension":{"width":1.8363215,"length":4.4388347,"height":1.7242417},"location":{"x":9.021822665994051,"y":0.46400230246927615,"z":1.1766767207967326},"orientation":{"rotationYaw":-1.545045399588593,"rotationPitch":0,"rotationRoll":0}}},{"id":6,"category":"car","box3d":{"dimension":{"width":2.1095147,"length":5.342033,"height":2.4145494},"location":{"x":15.79110270733004,"y":-0.2140347488912416,"z":1.6747858683370045},"orientation":{"rotationYaw":-1.5390066481434879,"rotationPitch":0,"rotationRoll":0}}},{"id":0,"category":"car","box3d":{"dimension":{"width":1.9454905,"length":4.8201823,"height":1.8051744},"location":{"x":12.52469943463328,"y":5.430319363425251,"z":1.1022612972752124},"orientation":{"rotationYaw":1.617937622096558,"rotationPitch":0,"rotationRoll":0}}}]}