{"name":"000041","timestamp":0,"index":41,"labels":[{"id":1,"category":"car","box3d":{"dimension":{"width":1.8363215,"length":4.4388347,"height":1.7242417},"location":{"x":8.50071087326695,"y":0.4640023024692762,"z":1.1766767207967255},"orientation":{"rotationYaw":-1.545045399588593,"rotationPitch":0,"rotationRoll":0}}},{"id":6,"category":"car","box3d":{"dimension":{"width":2.1095147,"length":5.342033,"height":2.4145494},"location":{"x":15.448530620279625,"y":-0.12839172712867683,"z":1.6747859540503551},"orientation":{"rotationYaw":-1.5390066481434879,"rotationPitch":0,"rotationRoll":0}}}]}