{"name":"000005","timestamp":0,"index":5,"labels":[{"id":1,"category":"car","box3d":{"dimension":{"width":1.8363215,"length":4.4388347,"height":1.7242417},"location":{"x":8.988202550334238,"y":0.46400230246927615,"z":1.1766767207967321},"orientation":{"rotationYaw":-1.545045399588593,"rotationPitch":0,"rotationRoll":0}}},{"id":6,"category":"car","box3d":{"dimension":{"width":2.1095147,"length":5.342033,"height":2.4145494},"location":{"x":15.734007359488304,"y":-0.21403474889124158,"z":1.6747858683370045},"orientation":{"rotationYaw":-1.5390066481434879,"rotationPitch":0,"rotationRoll":0}}},{"id":0,"category":"car","box3d":{"dimension":{"width":1.9454905,"length":4.8201823,"height":1.8051744},"location":{"x":11.335478246989354,"y":5.4869489437892245,"z":1.1022613539450152},"orientation":{"rotationYaw":1.617937622096558,"rotationPitch":0,"rotationRoll":0}}}]}