{"name":"000019","timestamp":0,"index":19,"labels":[{"id":1,"category":"car","box3d":{"dimension":{"width":1.8363215,"length":4.4388347,"height":1.7242417},"location":{"x":8.752861740715547,"y":0.4640023024692762,"z":1.1766767207967288},"orientation":{"rotationYaw":-1.545045399588593,"rotationPitch":0,"rotationRoll":0}}},{"id":6,"category":"car","box3d":{"dimension":{"width":2.1095147,"length":5.342033,"height":2.4145494},"location":{"x":15.508984517994405,"y":-0.14854302636692734,"z":1.674785933882508},"orientation":{"rotationYaw":-1.5390066481434879,"rotationPitch":0,"rotationRoll":0}}}]}