{"name":"000008","timestamp":0,"index":8,"labels":[{"id":1,"category":"car","box3d":{"dimension":{"width":1.8363215,"length":4.4388347,"height":1.7242417},"location":{"x":8.937772376844519,"y":0.46400230246927615,"z":1.1766767207967315},"orientation":{"rotationYaw":-1.545045399588593,"rotationPitch":0,"rotationRoll":0}}},{"id":6,"category":"car","box3d":{"dimension":{"width":2.1095147,"length":5.342033,"height":2.4145494},"location":{"x":15.675232736710047,"y":-0.2039590992721163,"z":1.6747858784209282},"orientation":{"rotationYaw":-1.5390066481434879,"rotationPitch":0,"rotationRoll":0}}},{"id":0,"category":"car","box3d":{"dimension":{"width":1.9454905,"length":4.8201823,"height":1.8051744},"location":{"x":9.721535206615417,"y":5.402004573243269,"z":1.1022612689403184},"orientation":{"rotationYaw":1.617937622096558,"rotationPitch":0,"rotationRoll":0}}}]}