{"name":"000010","timestamp":0,"index":10,"labels":[{"id":0,"category":"car","box3d":{"dimension":{"width":1.8421808,"length":4.512443,"height":1.6054673},"location":{"x":8.764575991505371,"y":-5.423455274507541,"z":1.1340782752312781},"orientation":{"rotationYaw":1.5888414233302735,"rotationPitch":0,"rotationRoll":0}}},{"id":1,"category":"car","box3d":{"dimension":{"width":1.962176,"length":4.5114665,"height":1.6442857},"location":{"x":94.732,"y":4.8509227026082415,"z":5.551611893422425},"orientation":{"rotationYaw":0,"rotationPitch":0,"rotationRoll":0}}}]}