{"name":"000025","timestamp":0,"index":25,"labels":[{"id":1,"category":"car","box3d":{"dimension":{"width":1.962176,"length":4.5114665,"height":1.6442857},"location":{"x":86.83,"y":4.8509227026082415,"z":5.551611893422425},"orientation":{"rotationYaw":0,"rotationPitch":0,"rotationRoll":0}}},{"id":0,"category":"trailer","box3d":{"dimension":{"width":3.198977,"length":14.743314,"height":4.171918},"location":{"x":63.603060983802585,"y":29.98406119838303,"z":3.910374299226241},"orientation":{"rotationYaw":1.5952518059669758,"rotationPitch":0,"rotationRoll":0}}}]}