{"name":"000012","timestamp":0,"index":12,"labels":[{"id":0,"category":"car","box3d":{"dimension":{"width":1.8421808,"length":4.512443,"height":1.6054673},"location":{"x":7.145723850182983,"y":-5.224058551942904,"z":1.1340784746368628},"orientation":{"rotationYaw":1.5888414233302735,"rotationPitch":0,"rotationRoll":0}}},{"id":1,"category":"car","box3d":{"dimension":{"width":1.962176,"length":4.5114665,"height":1.6442857},"location":{"x":93.41600000000001,"y":4.8509227026082415,"z":5.551611893422425},"orientation":{"rotationYaw":0,"rotationPitch":0,"rotationRoll":0}}}]}