{"name":"000001","timestamp":0,"index":1,"labels":[{"id":0,"category":"car","box3d":{"dimension":{"width":1.8421808,"length":4.512443,"height":1.6054673},"location":{"x":15.475292781674202,"y":-5.627588261854166,"z":1.1340780710892113},"orientation":{"rotationYaw":1.5888414233302732,"rotationPitch":0,"rotationRoll":0}}},{"id":1,"category":"car","box3d":{"dimension":{"width":1.962176,"length":4.5114665,"height":1.6442857},"location":{"x":101.57429374654836,"y":4.8509227026082415,"z":5.551611893422425},"orientation":{"rotationYaw":0,"rotationPitch":0,"rotationRoll":0}}}]}