{"name":"000000","timestamp":0,"index":0,"labels":[{"id":0,"category":"car","box3d":{"dimension":{"width":1.8421808,"length":4.512443,"height":1.6054673},"location":{"x":16.213261210506044,"y":-5.662399803875602,"z":1.1340780362761191},"orientation":{"rotationYaw":1.5888414233302732,"rotationPitch":0,"rotationRoll":0}}},{"id":1,"category":"car","box3d":{"dimension":{"width":1.962176,"length":4.5114665,"height":1.6442857},"location":{"x":102.53572499539781,"y":4.8509227026082415,"z":5.551611893422425},"orientation":{"rotationYaw":0,"rotationPitch":0,"rotationRoll":0}}}]}