{"name":"000009","timestamp":0,"index":9,"labels":[{"id":0,"category":"car","box3d":{"dimension":{"width":1.8421808,"length":4.512443,"height":1.6054673},"location":{"x":9.574002062166564,"y":-5.523153635789859,"z":1.1340781755284859},"orientation":{"rotationYaw":1.5888414233302735,"rotationPitch":0,"rotationRoll":0}}},{"id":1,"category":"car","box3d":{"dimension":{"width":1.962176,"length":4.5114665,"height":1.6442857},"location":{"x":95.39,"y":4.8509227026082415,"z":5.551611893422425},"orientation":{"rotationYaw":0,"rotationPitch":0,"rotationRoll":0}}}]}