{"name":"000011","timestamp":0,"index":11,"labels":[{"id":1,"category":"pedestrian","box3d":{"dimension":{"width":0.62,"length":0.8033891,"height":1.7826608},"location":{"x":6.631680403857201,"y":3.073218841359779,"z":1.2051712690404688},"orientation":{"rotationYaw":1.7447978961058,"rotationPitch":0,"rotationRoll":0}}},{"id":0,"category":"car","box3d":{"dimension":{"width":1.92,"length":3.87,"height":1.468628},"location":{"x":8.306957767908491,"y":3.2790231286213407,"z":1.0858089771972625},"orientation":{"rotationYaw":-0.31,"rotationPitch":0,"rotationRoll":0}}}]}