{"name":"000006","timestamp":0,"index":6,"labels":[{"id":1,"category":"pedestrian","box3d":{"dimension":{"width":0.62,"length":0.8033891,"height":1.7826608},"location":{"x":7.472923019762311,"y":2.7727518022060123,"z":1.2051709685600769},"orientation":{"rotationYaw":1.7447978961058,"rotationPitch":0,"rotationRoll":0}}},{"id":0,"category":"car","box3d":{"dimension":{"width":1.92,"length":3.87,"height":1.468628},"location":{"x":9.327514700405938,"y":3.1173107154502473,"z":1.0858088154776613},"orientation":{"rotationYaw":-0.31,"rotationPitch":0,"rotationRoll":0}}}]}