{"name":"000004","timestamp":0,"index":4,"labels":[{"id":1,"category":"pedestrian","box3d":{"dimension":{"width":0.62,"length":0.8033891,"height":1.7826608},"location":{"x":7.876784093168506,"y":2.772751802206009,"z":1.205170968560079},"orientation":{"rotationYaw":1.7447978961058,"rotationPitch":0,"rotationRoll":0}}},{"id":0,"category":"car","box3d":{"dimension":{"width":1.92,"length":3.87,"height":1.468628},"location":{"x":9.691999319155038,"y":2.955598302279157,"z":1.0858086537580578},"orientation":{"rotationYaw":-0.31,"rotationPitch":0,"rotationRoll":0}}}]}