{"name":"000001","timestamp":0,"index":1,"labels":[{"id":1,"category":"pedestrian","box3d":{"dimension":{"width":0.62,"length":0.8033891,"height":1.7826608},"location":{"x":8.415265524376755,"y":2.623432861143137,"z":1.2051708192344968},"orientation":{"rotationYaw":1.7447978961057997,"rotationPitch":0,"rotationRoll":0}}},{"id":0,"category":"car","box3d":{"dimension":{"width":1.92,"length":3.87,"height":1.468628},"location":{"x":10.22657675998703,"y":2.686077613660668,"z":1.0858083842253907},"orientation":{"rotationYaw":-0.31,"rotationPitch":0,"rotationRoll":0}}}]}