{"name":"000003","timestamp":0,"index":3,"labels":[{"id":1,"category":"pedestrian","box3d":{"dimension":{"width":0.62,"length":0.8033891,"height":1.7826608},"location":{"x":8.19987295189345,"y":2.6831604375682856,"z":1.2051708789647304},"orientation":{"rotationYaw":1.7447978961058,"rotationPitch":0,"rotationRoll":0}}},{"id":0,"category":"car","box3d":{"dimension":{"width":1.92,"length":3.87,"height":1.468628},"location":{"x":9.837793166654674,"y":2.7938858891080636,"z":1.0858084920384565},"orientation":{"rotationYaw":-0.31,"rotationPitch":0,"rotationRoll":0}}}]}