{"name":"000004","timestamp":0,"index":4,"labels":[{"id":1,"category":"truck","box3d":{"dimension":{"width":3.22,"length":9.38,"height":3.6309931},"location":{"x":24.20544299662974,"y":-3.6601551648721276,"z":2.6064278820098865},"orientation":{"rotationYaw":-1.59,"rotationPitch":0,"rotationRoll":0}}},{"id":0,"category":"car","box3d":{"dimension":{"width":2.25,"length":5.2443767,"height":2.167479},"location":{"x":13.225540871198039,"y":3.53491073779251,"z":1.5331136352490609},"orientation":{"rotationYaw":1.55,"rotationPitch":0,"rotationRoll":0}}}]}