{"name":"000010","timestamp":0,"index":10,"labels":[{"id":1,"category":"truck","box3d":{"dimension":{"width":3.22,"length":9.38,"height":3.6309931},"location":{"x":21.290612271257004,"y":-3.6601551648721027,"z":2.6064278571388746},"orientation":{"rotationYaw":-1.59,"rotationPitch":0,"rotationRoll":0}}},{"id":0,"category":"car","box3d":{"dimension":{"width":2.25,"length":5.2443767,"height":2.167479},"location":{"x":7.22593192011273,"y":3.479913391462925,"z":1.5331135802492697},"orientation":{"rotationYaw":1.55,"rotationPitch":0,"rotationRoll":0}}}]}