{"name":"000005","timestamp":0,"index":5,"labels":[{"id":1,"category":"truck","box3d":{"dimension":{"width":3.22,"length":9.38,"height":3.6309931},"location":{"x":23.719637875734282,"y":-3.660155164872123,"z":2.606427877864718},"orientation":{"rotationYaw":-1.59,"rotationPitch":0,"rotationRoll":0}}},{"id":0,"category":"car","box3d":{"dimension":{"width":2.25,"length":5.2443767,"height":2.167479},"location":{"x":12.225606046017155,"y":3.5257445134042458,"z":1.533113626082429},"orientation":{"rotationYaw":1.55,"rotationPitch":0,"rotationRoll":0}}}]}