{"name":"000008","timestamp":0,"index":8,"labels":[{"id":1,"category":"truck","box3d":{"dimension":{"width":3.22,"length":9.38,"height":3.6309931},"location":{"x":22.262222513047917,"y":-3.6601551648721107,"z":2.606427865429212},"orientation":{"rotationYaw":-1.59,"rotationPitch":0,"rotationRoll":0}}},{"id":0,"category":"car","box3d":{"dimension":{"width":2.25,"length":5.2443767,"height":2.167479},"location":{"x":9.225801570474498,"y":3.4982458402394534,"z":1.5331135985825335},"orientation":{"rotationYaw":1.55,"rotationPitch":0,"rotationRoll":0}}}]}