{"name":"000001","timestamp":0,"index":1,"labels":[{"id":1,"category":"truck","box3d":{"dimension":{"width":3.22,"length":9.38,"height":3.6309931},"location":{"x":25.662858359316104,"y":-3.66015516487214,"z":2.6064278944453925},"orientation":{"rotationYaw":-1.59,"rotationPitch":0,"rotationRoll":0}}},{"id":0,"category":"car","box3d":{"dimension":{"width":2.25,"length":5.2443767,"height":2.167479},"location":{"x":16.225345346740696,"y":3.5624094109573026,"z":1.5331136627489566},"orientation":{"rotationYaw":1.55,"rotationPitch":0,"rotationRoll":0}}}]}