{"name":"000006","timestamp":0,"index":6,"labels":[{"id":1,"category":"truck","box3d":{"dimension":{"width":3.22,"length":9.38,"height":3.6309931},"location":{"x":23.233832754838826,"y":-3.660155164872119,"z":2.606427873719549},"orientation":{"rotationYaw":-1.59,"rotationPitch":0,"rotationRoll":0}}},{"id":0,"category":"car","box3d":{"dimension":{"width":2.25,"length":5.2443767,"height":2.167479},"location":{"x":11.225671220836269,"y":3.516578289015982,"z":1.5331136169157973},"orientation":{"rotationYaw":1.55,"rotationPitch":0,"rotationRoll":0}}}]}