{"name":"000009","timestamp":0,"index":9,"labels":[{"id":1,"category":"truck","box3d":{"dimension":{"width":3.22,"length":9.38,"height":3.6309931},"location":{"x":21.77641739215246,"y":-3.6601551648721067,"z":2.6064278612840432},"orientation":{"rotationYaw":-1.59,"rotationPitch":0,"rotationRoll":0}}},{"id":0,"category":"car","box3d":{"dimension":{"width":2.25,"length":5.2443767,"height":2.167479},"location":{"x":8.225866745293615,"y":3.489079615851189,"z":1.5331135894159016},"orientation":{"rotationYaw":1.55,"rotationPitch":0,"rotationRoll":0}}}]}