{"name":"000011","timestamp":0,"index":11,"labels":[{"id":1,"category":"truck","box3d":{"dimension":{"width":3.22,"length":9.38,"height":3.6309931},"location":{"x":20.804807150361547,"y":-3.6601551648720987,"z":2.606427852993706},"orientation":{"rotationYaw":-1.59,"rotationPitch":0,"rotationRoll":0}}},{"id":0,"category":"car","box3d":{"dimension":{"width":2.25,"length":5.2443767,"height":2.167479},"location":{"x":6.225997094931845,"y":3.470747167074661,"z":1.5331135710826378},"orientation":{"rotationYaw":1.55,"rotationPitch":0,"rotationRoll":0}}}]}