{"name":"000007","timestamp":0,"index":7,"labels":[{"id":1,"category":"truck","box3d":{"dimension":{"width":3.22,"length":9.38,"height":3.6309931},"location":{"x":22.74802763394337,"y":-3.660155164872115,"z":2.6064278695743806},"orientation":{"rotationYaw":-1.59,"rotationPitch":0,"rotationRoll":0}}},{"id":0,"category":"car","box3d":{"dimension":{"width":2.25,"length":5.2443767,"height":2.167479},"location":{"x":10.225736395655385,"y":3.507412064627718,"z":1.5331136077491654},"orientation":{"rotationYaw":1.55,"rotationPitch":0,"rotationRoll":0}}}]}