{"name":"000001","timestamp":0,"index":1,"labels":[{"id":0,"category":"car","box3d":{"dimension":{"width":2.0300000000000002,"length":4.5971293,"height":1.4898667},"location":{"x":13.798099301947877,"y":5.920638358200077,"z":1.0257751438161367},"orientation":{"rotationYaw":1.6152595022824088,"rotationPitch":0,"rotationRoll":0}}},{"id":1,"category":"car","box3d":{"dimension":{"width":2.25,"length":5.4387126,"height":2.2875962},"location":{"x":34.26422485298026,"y":5.084480974018691,"z":2.0245694513710117},"orientation":{"rotationYaw":1.5957705227608048,"rotationPitch":0,"rotationRoll":0}}}]}