{"name":"000000","timestamp":0,"index":0,"labels":[{"id":0,"category":"car","box3d":{"dimension":{"width":2.0300000000000002,"length":4.5971293,"height":1.4898667},"location":{"x":14.684853667429111,"y":6.00616662191912,"z":1.0257752293482014},"orientation":{"rotationYaw":1.6152595022824088,"rotationPitch":0,"rotationRoll":0}}},{"id":1,"category":"car","box3d":{"dimension":{"width":2.25,"length":5.4387126,"height":2.2875962},"location":{"x":35.1359466709541,"y":5.084480974018691,"z":2.0245694513710117},"orientation":{"rotationYaw":1.5957705227608048,"rotationPitch":0,"rotationRoll":0}}}]}