{"name":"000004","timestamp":0,"index":4,"labels":[{"id":0,"category":"car","box3d":{"dimension":{"width":2.0300000000000002,"length":4.5971293,"height":1.4898667},"location":{"x":11.214945280763406,"y":5.685435632972711,"z":1.0257749086029597},"orientation":{"rotationYaw":1.6152595022824088,"rotationPitch":0,"rotationRoll":0}}},{"id":1,"category":"car","box3d":{"dimension":{"width":2.25,"length":5.4387126,"height":2.2875962},"location":{"x":31.4311289445653,"y":5.181171089010539,"z":2.0245695480654238},"orientation":{"rotationYaw":1.595770522760805,"rotationPitch":0,"rotationRoll":0}}}]}