{"name":"000002","timestamp":0,"index":2,"labels":[{"id":0,"category":"car","box3d":{"dimension":{"width":2.0300000000000002,"length":4.5971293,"height":1.4898667},"location":{"x":12.91134493646664,"y":5.835110094481035,"z":1.0257750582840717},"orientation":{"rotationYaw":1.6152595022824088,"rotationPitch":0,"rotationRoll":0}}},{"id":1,"category":"car","box3d":{"dimension":{"width":2.25,"length":5.4387126,"height":2.2875962},"location":{"x":33.39250303500643,"y":5.084480974018691,"z":2.0245694513710113},"orientation":{"rotationYaw":1.595770522760805,"rotationPitch":0,"rotationRoll":0}}}]}