{"name":"000003","timestamp":0,"index":3,"labels":[{"id":0,"category":"car","box3d":{"dimension":{"width":2.0300000000000002,"length":4.5971293,"height":1.4898667},"location":{"x":12.024590570985406,"y":5.749581830761992,"z":1.025774972752007},"orientation":{"rotationYaw":1.6152595022824088,"rotationPitch":0,"rotationRoll":0}}},{"id":1,"category":"car","box3d":{"dimension":{"width":2.25,"length":5.4387126,"height":2.2875962},"location":{"x":32.52078121703259,"y":5.084480974018691,"z":2.0245694513710113},"orientation":{"rotationYaw":1.595770522760805,"rotationPitch":0,"rotationRoll":0}}}]}