{"name":"000005","timestamp":0,"index":5,"labels":[{"id":0,"category":"car","box3d":{"dimension":{"width":2.0300000000000002,"length":4.5971293,"height":1.4898667},"location":{"x":10.405299990541403,"y":5.621289435183429,"z":1.0257748444539128},"orientation":{"rotationYaw":1.6152595022824088,"rotationPitch":0,"rotationRoll":0}}},{"id":1,"category":"car","box3d":{"dimension":{"width":2.25,"length":5.4387126,"height":2.2875962},"location":{"x":30.341476672098008,"y":5.277861204002388,"z":2.0245696447598363},"orientation":{"rotationYaw":1.595770522760805,"rotationPitch":0,"rotationRoll":0}}}]}