{"name":"000029","timestamp":0,"index":29,"labels":[{"id":4,"category":"car","box3d":{"dimension":{"width":2.0783868,"length":5.1523356,"height":2.3447251},"location":{"x":15.280654767602842,"y":-0.03787686194664863,"z":1.663332997814464},"orientation":{"rotationYaw":-1.54194882811265,"rotationPitch":0,"rotationRoll":0}}},{"id":2,"category":"car","box3d":{"dimension":{"width":1.8209406,"length":4.4108806,"height":1.7338853},"location":{"x":8.360661268065623,"y":0.40291976907154,"z":1.1560108131901676},"orientation":{"rotationYaw":-1.5473796919429292,"rotationPitch":0,"rotationRoll":0}}},{"id":3,"category":"pedestrian","box3d":{"dimension":{"width":0.67938316,"length":0.7114091,"height":1.8042215},"location":{"x":29.869641097113497,"y":-4.123008110304243,"z":1.566276227559813},"orientation":{"rotationYaw":1.582797557766979,"rotationPitch":0,"rotationRoll":0}}},{"id":0,"category":"car","box3d":{"dimension":{"width":1.92,"length":4.6073527,"height":1.5189195},"location":{"x":8.591084655200563,"y":4.917071373861595,"z":1.0151984393610058},"orientation":{"rotationYaw":1.600380717430758,"rotationPitch":0,"rotationRoll":0}}}]}