{"name":"000013","timestamp":0,"index":13,"labels":[{"id":2,"category":"car","box3d":{"dimension":{"width":1.8209406,"length":4.4108806,"height":1.7338853},"location":{"x":8.360661268065623,"y":0.40291976907154,"z":1.1560108131901676},"orientation":{"rotationYaw":-1.547379691942929,"rotationPitch":0,"rotationRoll":0}}},{"id":4,"category":"car","box3d":{"dimension":{"width":2.0783868,"length":5.1523356,"height":2.3447251},"location":{"x":15.280654767602842,"y":-0.03787686194664863,"z":1.663332997814464},"orientation":{"rotationYaw":-1.54194882811265,"rotationPitch":0,"rotationRoll":0}}},{"id":0,"category":"car","box3d":{"dimension":{"width":1.92,"length":4.6073527,"height":1.5189195},"location":{"x":16.21318015392683,"y":4.917071373861596,"z":1.0151984393610247},"orientation":{"rotationYaw":1.6003807174307578,"rotationPitch":0,"rotationRoll":0}}}]}