{"name":"000049","timestamp":0,"index":49,"labels":[{"id":4,"category":"car","box3d":{"dimension":{"width":2.0783868,"length":5.1523356,"height":2.3447251},"location":{"x":15.280654767602842,"y":-0.03787686194664863,"z":1.663332997814464},"orientation":{"rotationYaw":-1.5419488281126499,"rotationPitch":0,"rotationRoll":0}}},{"id":2,"category":"car","box3d":{"dimension":{"width":1.8209406,"length":4.4108806,"height":1.7338853},"location":{"x":8.360661268065623,"y":0.40291976907154,"z":1.1560108131901676},"orientation":{"rotationYaw":-1.5473796919429292,"rotationPitch":0,"rotationRoll":0}}},{"id":3,"category":"pedestrian","box3d":{"dimension":{"width":0.67938316,"length":0.7114091,"height":1.8042215},"location":{"x":28.03207321311533,"y":-3.809438334072218,"z":1.5662765411435273},"orientation":{"rotationYaw":1.582797557766979,"rotationPitch":0,"rotationRoll":0}}}]}