{"name":"000013","timestamp":0,"index":13,"labels":[{"id":0,"category":"car","box3d":{"dimension":{"width":1.9321467,"length":4.09,"height":1.8465562},"location":{"x":7.30707534364685,"y":3.8151623546000217,"z":1.2605423619745364},"orientation":{"rotationYaw":-0.17999999999999997,"rotationPitch":0,"rotationRoll":0}}},{"id":2,"category":"car","box3d":{"dimension":{"width":1.976977,"length":4.592277,"height":1.7327867},"location":{"x":9.93454722294442,"y":3.1073936462770475,"z":1.1914613412336135},"orientation":{"rotationYaw":2.86,"rotationPitch":0,"rotationRoll":0}}}]}