{"name":"000015","timestamp":0,"index":15,"labels":[{"id":0,"category":"car","box3d":{"dimension":{"width":1.9321467,"length":4.09,"height":1.8465562},"location":{"x":6.903214270240658,"y":3.9943450838754697,"z":1.2605425411652298},"orientation":{"rotationYaw":-0.14,"rotationPitch":0,"rotationRoll":0}}},{"id":2,"category":"car","box3d":{"dimension":{"width":1.976977,"length":4.592277,"height":1.7327867},"location":{"x":9.482222820729477,"y":3.2507398296974066,"z":1.1914614845861686},"orientation":{"rotationYaw":2.916,"rotationPitch":0,"rotationRoll":0}}}]}