{"name":"000018","timestamp":0,"index":18,"labels":[{"id":0,"category":"car","box3d":{"dimension":{"width":1.9321467,"length":4.09,"height":1.8465562},"location":{"x":6.257036552790751,"y":4.1735278131510976,"z":1.2605425411652325},"orientation":{"rotationYaw":-0.11,"rotationPitch":0,"rotationRoll":0}}},{"id":2,"category":"car","box3d":{"dimension":{"width":1.976977,"length":4.592277,"height":1.7327867},"location":{"x":8.803736217407064,"y":3.4657591048279452,"z":1.1914616996150014},"orientation":{"rotationYaw":3,"rotationPitch":0,"rotationRoll":0}}}]}