{"name":"000016","timestamp":0,"index":16,"labels":[{"id":0,"category":"car","box3d":{"dimension":{"width":1.9321467,"length":4.09,"height":1.8465562},"location":{"x":6.6878216977573555,"y":4.054072660300679,"z":1.2605425411652307},"orientation":{"rotationYaw":-0.13,"rotationPitch":0,"rotationRoll":0}}},{"id":2,"category":"car","box3d":{"dimension":{"width":1.976977,"length":4.592277,"height":1.7327867},"location":{"x":9.256060619622007,"y":3.322412921407586,"z":1.1914615562624462},"orientation":{"rotationYaw":2.944,"rotationPitch":0,"rotationRoll":0}}}]}