{"name":"000012","timestamp":0,"index":12,"labels":[{"id":0,"category":"car","box3d":{"dimension":{"width":1.9321467,"length":4.09,"height":1.8465562},"location":{"x":7.522467916130153,"y":3.7852985663874463,"z":1.2605423321094187},"orientation":{"rotationYaw":-0.17999999999999997,"rotationPitch":0,"rotationRoll":0}}},{"id":2,"category":"car","box3d":{"dimension":{"width":1.976977,"length":4.592277,"height":1.7327867},"location":{"x":10.149939795427722,"y":2.987938493426749,"z":1.1914612217731508},"orientation":{"rotationYaw":2.86,"rotationPitch":0,"rotationRoll":0}}}]}