{"name":"000010","timestamp":0,"index":10,"labels":[{"id":1,"category":"car","box3d":{"dimension":{"width":2.14,"length":4.522941,"height":1.7827439},"location":{"x":11.343133714701239,"y":-3.064229468384323,"z":1.2825682304265151},"orientation":{"rotationYaw":1.55,"rotationPitch":0,"rotationRoll":0}}},{"id":0,"category":"car","box3d":{"dimension":{"width":2.46,"length":4.95,"height":1.92},"location":{"x":14.315121891904688,"y":-6.74323468136648,"z":1.2827305744119224},"orientation":{"rotationYaw":-1.6158328824850685,"rotationPitch":0,"rotationRoll":0}}}]}