{"name":"000005","timestamp":0,"index":5,"labels":[{"id":0,"category":"bus","box3d":{"dimension":{"width":2.9,"length":13.06,"height":2.57},"location":{"x":11.577396832821194,"y":3.373803675451211,"z":1.6961349473928762},"orientation":{"rotationYaw":-1.55,"rotationPitch":0,"rotationRoll":0}}},{"id":1,"category":"car","box3d":{"dimension":{"width":2.14,"length":4.522941,"height":1.7827439},"location":{"x":13.078557791461478,"y":-2.9542347757251566,"z":1.282568340426093},"orientation":{"rotationYaw":1.6200000000000003,"rotationPitch":0,"rotationRoll":0}}},{"id":0,"category":"car","box3d":{"dimension":{"width":2.46,"length":4.95,"height":1.92},"location":{"x":16.348047238966668,"y":-6.358253257059386,"z":1.2827309594104586},"orientation":{"rotationYaw":-1.6158328824850685,"rotationPitch":0,"rotationRoll":0}}}]}