{"name":"000022","timestamp":0,"index":22,"labels":[{"id":1,"category":"car","box3d":{"dimension":{"width":2.14,"length":4.522941,"height":1.7827439},"location":{"x":6.880614660175009,"y":-3.504208239021011,"z":1.2825677904281887},"orientation":{"rotationYaw":1.52,"rotationPitch":0,"rotationRoll":0}}},{"id":0,"category":"car","box3d":{"dimension":{"width":2.46,"length":4.95,"height":1.92},"location":{"x":19.44152776030958,"y":3.2432654808905683,"z":1.2796372831701337},"orientation":{"rotationYaw":1.58,"rotationPitch":0,"rotationRoll":0}}}]}