{"name":"000045","timestamp":0,"index":45,"labels":[{"id":0,"category":"car","box3d":{"dimension":{"width":1.8930842,"length":4.645347,"height":1.6285386},"location":{"x":17.982750776162813,"y":6.116957691391157,"z":0.8582708741563134},"orientation":{"rotationYaw":1.55,"rotationPitch":0,"rotationRoll":0}}},{"id":1,"category":"car","box3d":{"dimension":{"width":1.9705988,"length":4.847648,"height":1.9567857},"location":{"x":11.91643346779225,"y":6.450639642344623,"z":0.8454416157526681},"orientation":{"rotationYaw":1.58,"rotationPitch":0,"rotationRoll":0}}},{"id":2,"category":"truck","box3d":{"dimension":{"width":2.7710576,"length":8.137587,"height":3.5684931},"location":{"x":143.23153413216446,"y":-4.225421040168243,"z":5.969915289387605},"orientation":{"rotationYaw":-1.5403021893780977,"rotationPitch":0,"rotationRoll":0}}},{"id":3,"category":"car","box3d":{"dimension":{"width":1.9153925,"length":4.547111,"height":1.5780015},"location":{"x":110.05602068607641,"y":4.258149644873435,"z":3.52274385580198},"orientation":{"rotationYaw":1.5857710004894239,"rotationPitch":0,"rotationRoll":0}}}]}