{"name":"000049","timestamp":0,"index":49,"labels":[{"id":0,"category":"car","box3d":{"dimension":{"width":1.8930842,"length":4.645347,"height":1.6285386},"location":{"x":16.278695890560318,"y":6.116957691391155,"z":0.8582708741563134},"orientation":{"rotationYaw":1.55,"rotationPitch":0,"rotationRoll":0}}},{"id":1,"category":"car","box3d":{"dimension":{"width":1.9705988,"length":4.847648,"height":1.9567857},"location":{"x":10.185233190265663,"y":6.356332942725963,"z":0.8454415214417769},"orientation":{"rotationYaw":1.58,"rotationPitch":0,"rotationRoll":0}}}]}