{"name":"000001","timestamp":0,"index":1,"labels":[{"id":0,"category":"bus","box3d":{"dimension":{"width":2.9,"length":13.06,"height":2.57},"location":{"x":14.354075355637539,"y":3.208811636462456,"z":1.6961347823935033},"orientation":{"rotationYaw":-1.55,"rotationPitch":0,"rotationRoll":0}}},{"id":1,"category":"car","box3d":{"dimension":{"width":2.14,"length":4.522941,"height":1.7827439},"location":{"x":14.615647688020529,"y":-2.954234775725152,"z":1.2825683404260932},"orientation":{"rotationYaw":1.6200000000000003,"rotationPitch":0,"rotationRoll":0}}},{"id":0,"category":"car","box3d":{"dimension":{"width":2.46,"length":4.95,"height":1.92},"location":{"x":17.93472068057601,"y":-6.08326652541146,"z":1.2827312344094128},"orientation":{"rotationYaw":-1.6158328824850683,"rotationPitch":0,"rotationRoll":0}}}]}