{"name":"000004","timestamp":0,"index":4,"labels":[{"id":0,"category":"bus","box3d":{"dimension":{"width":2.9,"length":13.06,"height":2.57},"location":{"x":12.271566463525282,"y":3.373803675451211,"z":1.6961349473928762},"orientation":{"rotationYaw":-1.55,"rotationPitch":0,"rotationRoll":0}}},{"id":1,"category":"car","box3d":{"dimension":{"width":2.14,"length":4.522941,"height":1.7827439},"location":{"x":13.50001792438896,"y":-2.8992374293955696,"z":1.2825683954258842},"orientation":{"rotationYaw":1.6200000000000003,"rotationPitch":0,"rotationRoll":0}}},{"id":0,"category":"car","box3d":{"dimension":{"width":2.46,"length":4.95,"height":1.92},"location":{"x":16.744715599369005,"y":-6.248258564400215,"z":1.2827310694100404},"orientation":{"rotationYaw":-1.6158328824850685,"rotationPitch":0,"rotationRoll":0}}}]}