{"name":"000012","timestamp":0,"index":12,"labels":[{"id":1,"category":"car","box3d":{"dimension":{"width":2.14,"length":4.522941,"height":1.7827439},"location":{"x":10.549796993896601,"y":-3.28421885370267,"z":1.2825680104273474},"orientation":{"rotationYaw":1.55,"rotationPitch":0,"rotationRoll":0}}},{"id":0,"category":"car","box3d":{"dimension":{"width":2.46,"length":4.95,"height":1.92},"location":{"x":13.472201626049724,"y":-6.7982320276960655,"z":1.2827305194121315},"orientation":{"rotationYaw":-1.6158328824850685,"rotationPitch":0,"rotationRoll":0}}}]}