{"name":"000000","timestamp":0,"index":0,"labels":[{"id":0,"category":"car","box3d":{"dimension":{"width":2.46,"length":4.95,"height":1.92},"location":{"x":18.331389040978348,"y":-6.028269179081875,"z":1.2827312894092038},"orientation":{"rotationYaw":-1.6158328824850683,"rotationPitch":0,"rotationRoll":0}}},{"id":1,"category":"car","box3d":{"dimension":{"width":2.14,"length":4.522941,"height":1.7827439},"location":{"x":15.111483138523448,"y":-2.8442400830659826,"z":1.2825684504256747},"orientation":{"rotationYaw":1.62,"rotationPitch":0,"rotationRoll":0}}},{"id":0,"category":"bus","box3d":{"dimension":{"width":2.9,"length":13.06,"height":2.57},"location":{"x":15.048244986341624,"y":3.153814290132871,"z":1.6961347273937124},"orientation":{"rotationYaw":-1.55,"rotationPitch":0,"rotationRoll":0}}}]}