{"name":"000011","timestamp":0,"index":11,"labels":[{"id":1,"category":"car","box3d":{"dimension":{"width":2.14,"length":4.522941,"height":1.7827439},"location":{"x":10.946465354298924,"y":-3.284218853702671,"z":1.2825680104273476},"orientation":{"rotationYaw":1.55,"rotationPitch":0,"rotationRoll":0}}},{"id":0,"category":"car","box3d":{"dimension":{"width":2.46,"length":4.95,"height":1.92},"location":{"x":13.893661758977206,"y":-6.770733354531273,"z":1.2827305469120267},"orientation":{"rotationYaw":-1.6158328824850685,"rotationPitch":0,"rotationRoll":0}}}]}