{"name":"000046","timestamp":0,"index":46,"labels":[{"id":1,"category":"car","box3d":{"dimension":{"width":1.9705988,"length":4.847648,"height":1.9567857},"location":{"x":11.339366708616721,"y":6.4192040758050695,"z":0.8454415843157044},"orientation":{"rotationYaw":1.58,"rotationPitch":0,"rotationRoll":0}}},{"id":0,"category":"car","box3d":{"dimension":{"width":1.8930842,"length":4.645347,"height":1.6285386},"location":{"x":17.556737054762188,"y":6.116957691391157,"z":0.8582708741563134},"orientation":{"rotationYaw":1.55,"rotationPitch":0,"rotationRoll":0}}}]}