{"name":"000002","timestamp":0,"index":2,"labels":[{"id":0,"category":"bus","box3d":{"dimension":{"width":2.9,"length":13.06,"height":2.57},"location":{"x":13.659905724933452,"y":3.263808982792041,"z":1.6961348373932943},"orientation":{"rotationYaw":-1.55,"rotationPitch":0,"rotationRoll":0}}},{"id":1,"category":"car","box3d":{"dimension":{"width":2.14,"length":4.522941,"height":1.7827439},"location":{"x":14.218979327618191,"y":-2.954234775725152,"z":1.2825683404260932},"orientation":{"rotationYaw":1.6200000000000003,"rotationPitch":0,"rotationRoll":0}}},{"id":0,"category":"car","box3d":{"dimension":{"width":2.46,"length":4.95,"height":1.92},"location":{"x":17.538052320173676,"y":-6.138263871741045,"z":1.282731179409622},"orientation":{"rotationYaw":-1.6158328824850683,"rotationPitch":0,"rotationRoll":0}}}]}