{"name":"000007","timestamp":0,"index":7,"labels":[{"id":1,"category":"car","box3d":{"dimension":{"width":2.14,"length":4.522941,"height":1.7827439},"location":{"x":12.235637525606512,"y":-3.0642294683843305,"z":1.2825682304265111},"orientation":{"rotationYaw":1.6200000000000003,"rotationPitch":0,"rotationRoll":0}}},{"id":0,"category":"car","box3d":{"dimension":{"width":2.46,"length":4.95,"height":1.92},"location":{"x":15.554710518161999,"y":-6.578242642377726,"z":1.2827307394112952},"orientation":{"rotationYaw":-1.6158328824850685,"rotationPitch":0,"rotationRoll":0}}}]}