{"name":"000004","timestamp":0,"index":4,"labels":[{"id":1,"category":"car","box3d":{"dimension":{"width":1.8829523,"length":4.608024,"height":1.5429673},"location":{"x":21.522326819974094,"y":12.781171553452202,"z":1.2691799764151661},"orientation":{"rotationYaw":1.6149019667272777,"rotationPitch":0,"rotationRoll":0}}},{"id":3,"category":"car","box3d":{"dimension":{"width":1.8809992,"length":4.554313,"height":1.630919},"location":{"x":9.671835848013412,"y":-3.760974938082793,"z":1.0957805272512993},"orientation":{"rotationYaw":-1.556208646190129,"rotationPitch":0,"rotationRoll":0}}},{"id":0,"category":"car","box3d":{"dimension":{"width":1.8412043,"length":4.53527,"height":1.5860581},"location":{"x":15.05378983485643,"y":-3.8990948342011924,"z":1.1983568845821169},"orientation":{"rotationYaw":-1.542077629341149,"rotationPitch":0,"rotationRoll":0}}}]}