{"name":"000003","timestamp":0,"index":3,"labels":[{"id":1,"category":"car","box3d":{"dimension":{"width":1.8829523,"length":4.608024,"height":1.5429673},"location":{"x":21.944361641683564,"y":12.738615655249284,"z":1.2691799338573764},"orientation":{"rotationYaw":1.6149019667272777,"rotationPitch":0,"rotationRoll":0}}},{"id":3,"category":"car","box3d":{"dimension":{"width":1.8809992,"length":4.554313,"height":1.630919},"location":{"x":10.285704679590822,"y":-3.789345536884739,"z":1.0957804988794415},"orientation":{"rotationYaw":-1.556208646190129,"rotationPitch":0,"rotationRoll":0}}},{"id":0,"category":"car","box3d":{"dimension":{"width":1.8412043,"length":4.53527,"height":1.5860581},"location":{"x":15.667658666433843,"y":-3.9558360318050836,"z":1.198356827838395},"orientation":{"rotationYaw":-1.542077629341149,"rotationPitch":0,"rotationRoll":0}}}]}