{"name":"000025","timestamp":0,"index":25,"labels":[{"id":2,"category":"car","box3d":{"dimension":{"width":2.0300000000000002,"length":4.5933757,"height":1.6941514},"location":{"x":11.402474621168933,"y":-3.4777743088498907,"z":1.1111666747561941},"orientation":{"rotationYaw":-1.5506871961928077,"rotationPitch":0,"rotationRoll":0}}},{"id":1,"category":"car","box3d":{"dimension":{"width":1.8766047,"length":4.6041484,"height":1.5356431},"location":{"x":22.91319485988503,"y":13.411126329278188,"z":1.22284513096853},"orientation":{"rotationYaw":1.6286350113365935,"rotationPitch":0,"rotationRoll":0}}}]}