{"name":"000000","timestamp":0,"index":0,"labels":[{"id":0,"category":"car","box3d":{"dimension":{"width":1.8412043,"length":4.53527,"height":1.5860581},"location":{"x":16.51172830985278,"y":-3.9558360318050836,"z":1.198356827838394},"orientation":{"rotationYaw":-1.542077629341149,"rotationPitch":0,"rotationRoll":0}}},{"id":1,"category":"car","box3d":{"dimension":{"width":1.8829523,"length":4.608024,"height":1.5429673},"location":{"x":23.210466106811978,"y":12.610947960640525,"z":1.2691798061840072},"orientation":{"rotationYaw":1.6149019667272777,"rotationPitch":0,"rotationRoll":0}}},{"id":3,"category":"car","box3d":{"dimension":{"width":1.8809992,"length":4.554313,"height":1.630919},"location":{"x":11.12977432300976,"y":-3.959569129696418,"z":1.0957803286482832},"orientation":{"rotationYaw":-1.5562086461901288,"rotationPitch":0,"rotationRoll":0}}}]}