{"name":"000024","timestamp":0,"index":24,"labels":[{"id":1,"category":"car","box3d":{"dimension":{"width":1.8766047,"length":4.6041484,"height":1.5356431},"location":{"x":23.373721175674508,"y":13.362477844982552,"z":1.2228450823178858},"orientation":{"rotationYaw":1.6286350113365935,"rotationPitch":0,"rotationRoll":0}}},{"id":2,"category":"car","box3d":{"dimension":{"width":2.0300000000000002,"length":4.5933757,"height":1.6941514},"location":{"x":11.95072023520402,"y":-3.4777743088498907,"z":1.1111666747561926},"orientation":{"rotationYaw":-1.5506871961928077,"rotationPitch":0,"rotationRoll":0}}}]}