{"name":"000008","timestamp":0,"index":8,"labels":[{"id":3,"category":"car","box3d":{"dimension":{"width":1.8809992,"length":4.554313,"height":1.630919},"location":{"x":7.830229353281184,"y":-3.704233740478901,"z":1.095780583995012},"orientation":{"rotationYaw":-1.556208646190129,"rotationPitch":0,"rotationRoll":0}}},{"id":0,"category":"car","box3d":{"dimension":{"width":1.8412043,"length":4.53527,"height":1.5860581},"location":{"x":13.212183340124191,"y":-3.8281683371963275,"z":1.1983569555117746},"orientation":{"rotationYaw":-1.542077629341149,"rotationPitch":0,"rotationRoll":0}}}]}