{"name":"000030","timestamp":0,"index":30,"labels":[{"id":2,"category":"car","box3d":{"dimension":{"width":2.0300000000000002,"length":4.5933757,"height":1.6941514},"location":{"x":9.319141287835597,"y":-3.4048015824064315,"z":1.1111667477321636},"orientation":{"rotationYaw":-1.5506871961928077,"rotationPitch":0,"rotationRoll":0}}},{"id":1,"category":"car","box3d":{"dimension":{"width":1.8766047,"length":4.6041484,"height":1.5356431},"location":{"x":20.413194859885035,"y":13.435450571426005,"z":1.2228451552938502},"orientation":{"rotationYaw":1.6286350113365937,"rotationPitch":0,"rotationRoll":0}}}]}