{"name":"000027","timestamp":0,"index":27,"labels":[{"id":2,"category":"car","box3d":{"dimension":{"width":2.0300000000000002,"length":4.5933757,"height":1.6941514},"location":{"x":10.305983393098758,"y":-3.4777743088498907,"z":1.1111666747561972},"orientation":{"rotationYaw":-1.5506871961928077,"rotationPitch":0,"rotationRoll":0}}},{"id":1,"category":"car","box3d":{"dimension":{"width":1.8766047,"length":4.6041484,"height":1.5356431},"location":{"x":21.99214222830608,"y":13.508423297869461,"z":1.2228452282698183},"orientation":{"rotationYaw":1.6286350113365937,"rotationPitch":0,"rotationRoll":0}}}]}