{"name":"000002","timestamp":0,"index":2,"labels":[{"id":1,"category":"car","box3d":{"dimension":{"width":1.8829523,"length":4.608024,"height":1.5429673},"location":{"x":22.366396463393038,"y":12.696059757046363,"z":1.2691798912995866},"orientation":{"rotationYaw":1.6149019667272777,"rotationPitch":0,"rotationRoll":0}}},{"id":3,"category":"car","box3d":{"dimension":{"width":1.8809992,"length":4.554313,"height":1.630919},"location":{"x":10.567061227397135,"y":-3.846086734488632,"z":1.095780442135722},"orientation":{"rotationYaw":-1.556208646190129,"rotationPitch":0,"rotationRoll":0}}},{"id":0,"category":"car","box3d":{"dimension":{"width":1.8412043,"length":4.53527,"height":1.5860581},"location":{"x":15.949015214240156,"y":-3.9558360318050836,"z":1.1983568278383947},"orientation":{"rotationYaw":-1.542077629341149,"rotationPitch":0,"rotationRoll":0}}}]}