{"name":"000026","timestamp":0,"index":26,"labels":[{"id":2,"category":"car","box3d":{"dimension":{"width":2.0300000000000002,"length":4.5933757,"height":1.6941514},"location":{"x":10.854229007133846,"y":-3.4777743088498907,"z":1.1111666747561957},"orientation":{"rotationYaw":-1.5506871961928077,"rotationPitch":0,"rotationRoll":0}}},{"id":1,"category":"car","box3d":{"dimension":{"width":1.8766047,"length":4.6041484,"height":1.5356431},"location":{"x":22.452668544095555,"y":13.459774813573825,"z":1.2228451796191742},"orientation":{"rotationYaw":1.6286350113365937,"rotationPitch":0,"rotationRoll":0}}}]}