{"name":"000006","timestamp":0,"index":6,"labels":[{"id":1,"category":"car","box3d":{"dimension":{"width":1.8829523,"length":4.608024,"height":1.5429673},"location":{"x":20.448056364713622,"y":13.008136343867772,"z":1.2691802033900443},"orientation":{"rotationYaw":1.6149019667272777,"rotationPitch":0,"rotationRoll":0}}},{"id":3,"category":"car","box3d":{"dimension":{"width":1.8809992,"length":4.554313,"height":1.630919},"location":{"x":8.444098184858591,"y":-3.704233740478901,"z":1.0957805839950145},"orientation":{"rotationYaw":-1.556208646190129,"rotationPitch":0,"rotationRoll":0}}},{"id":0,"category":"car","box3d":{"dimension":{"width":1.8412043,"length":4.53527,"height":1.5860581},"location":{"x":13.826052171701603,"y":-3.7856124389934096,"z":1.1983569980695608},"orientation":{"rotationYaw":-1.542077629341149,"rotationPitch":0,"rotationRoll":0}}}]}