{"name":"000007","timestamp":0,"index":7,"labels":[{"id":3,"category":"car","box3d":{"dimension":{"width":1.8809992,"length":4.554313,"height":1.630919},"location":{"x":8.137163769069888,"y":-3.704233740478901,"z":1.0957805839950132},"orientation":{"rotationYaw":-1.556208646190129,"rotationPitch":0,"rotationRoll":0}}},{"id":0,"category":"car","box3d":{"dimension":{"width":1.8412043,"length":4.53527,"height":1.5860581},"location":{"x":13.519117755912898,"y":-3.806890388094869,"z":1.1983569767906677},"orientation":{"rotationYaw":-1.542077629341149,"rotationPitch":0,"rotationRoll":0}}}]}