{"name":"000001","timestamp":0,"index":1,"labels":[{"id":1,"category":"car","box3d":{"dimension":{"width":1.8829523,"length":4.608024,"height":1.5429673},"location":{"x":22.788431285102508,"y":12.653503858843443,"z":1.269179848741797},"orientation":{"rotationYaw":1.6149019667272777,"rotationPitch":0,"rotationRoll":0}}},{"id":3,"category":"car","box3d":{"dimension":{"width":1.8809992,"length":4.554313,"height":1.630919},"location":{"x":10.848417775203448,"y":-3.902827932092525,"z":1.0957803853920027},"orientation":{"rotationYaw":-1.5562086461901288,"rotationPitch":0,"rotationRoll":0}}},{"id":0,"category":"car","box3d":{"dimension":{"width":1.8412043,"length":4.53527,"height":1.5860581},"location":{"x":16.230371762046467,"y":-3.9558360318050836,"z":1.1983568278383943},"orientation":{"rotationYaw":-1.542077629341149,"rotationPitch":0,"rotationRoll":0}}}]}