{"name":"000029","timestamp":0,"index":29,"labels":[{"id":2,"category":"car","box3d":{"dimension":{"width":2.0300000000000002,"length":4.5933757,"height":1.6941514},"location":{"x":9.64808865625665,"y":-3.429125824554251,"z":1.1111667234068414},"orientation":{"rotationYaw":-1.5506871961928077,"rotationPitch":0,"rotationRoll":0}}},{"id":1,"category":"car","box3d":{"dimension":{"width":1.8766047,"length":4.6041484,"height":1.5356431},"location":{"x":20.939510649358716,"y":13.459774813573823,"z":1.2228451796191728},"orientation":{"rotationYaw":1.6286350113365937,"rotationPitch":0,"rotationRoll":0}}}]}