{"name":"000028","timestamp":0,"index":28,"labels":[{"id":2,"category":"car","box3d":{"dimension":{"width":2.0300000000000002,"length":4.5933757,"height":1.6941514},"location":{"x":9.977036024677705,"y":-3.453450066702071,"z":1.1111666990815194},"orientation":{"rotationYaw":-1.5506871961928077,"rotationPitch":0,"rotationRoll":0}}},{"id":1,"category":"car","box3d":{"dimension":{"width":1.8766047,"length":4.6041484,"height":1.5356431},"location":{"x":21.465826438832398,"y":13.484099055721643,"z":1.2228452039444957},"orientation":{"rotationYaw":1.6286350113365937,"rotationPitch":0,"rotationRoll":0}}}]}