{"name":"000030","timestamp":0,"index":30,"labels":[{"id":0,"category":"car","box3d":{"dimension":{"width":1.8764826,"length":4.607902,"height":1.5627427},"location":{"x":17.46252915177196,"y":5.114959859625247,"z":1.0233073968622204},"orientation":{"rotationYaw":1.5917958623745858,"rotationPitch":0,"rotationRoll":0}}},{"id":1,"category":"pedestrian","box3d":{"dimension":{"width":0.68576133,"length":0.7145524,"height":1.7901071},"location":{"x":55.613470029177584,"y":-8.256031361490555,"z":2.8115755667033073},"orientation":{"rotationYaw":1.5742320423528533,"rotationPitch":0,"rotationRoll":0}}}]}