{"name":"000030","timestamp":0,"index":30,"labels":[{"id":0,"category":"car","box3d":{"dimension":{"width":1.92,"length":4.6529536,"height":1.528441},"location":{"x":16.004040604584223,"y":6.173121993919783,"z":1.135748314485348},"orientation":{"rotationYaw":1.6102815627944695,"rotationPitch":0,"rotationRoll":0}}},{"id":1,"category":"car","box3d":{"dimension":{"width":1.8158137,"length":4.4996257,"height":1.5455308},"location":{"x":15.959649945335741,"y":-4.574917811287059,"z":1.096547160787107},"orientation":{"rotationYaw":-1.5480114880283304,"rotationPitch":0,"rotationRoll":0}}}]}