{"name":"000045","timestamp":0,"index":45,"labels":[{"id":1,"category":"car","box3d":{"dimension":{"width":1.8158137,"length":4.4996257,"height":1.5455308},"location":{"x":11.63721798480272,"y":-4.407040331430429,"z":1.0965473286720373},"orientation":{"rotationYaw":-1.5480114880283304,"rotationPitch":0,"rotationRoll":0}}},{"id":0,"category":"car","box3d":{"dimension":{"width":1.92,"length":4.6529536,"height":1.528441},"location":{"x":11.84015054058535,"y":6.044829598341217,"z":1.1357481861872696},"orientation":{"rotationYaw":1.6102815627944695,"rotationPitch":0,"rotationRoll":0}}},{"id":4,"category":"car","box3d":{"dimension":{"width":1.830218,"length":4.428703,"height":1.5603013},"location":{"x":24.020757444381054,"y":-4.5456043584621435,"z":1.3041525827884657},"orientation":{"rotationYaw":-1.5457250790615786,"rotationPitch":0,"rotationRoll":0}}}]}