{"name":"000041","timestamp":0,"index":41,"labels":[{"id":1,"category":"car","box3d":{"dimension":{"width":1.8158137,"length":4.4996257,"height":1.5455308},"location":{"x":12.725517298402567,"y":-4.444763011277891,"z":1.0965472909476806},"orientation":{"rotationYaw":-1.5480114880283304,"rotationPitch":0,"rotationRoll":0}}},{"id":0,"category":"car","box3d":{"dimension":{"width":1.92,"length":4.6529536,"height":1.528441},"location":{"x":12.789809677988597,"y":6.044829598341217,"z":1.1357481861872696},"orientation":{"rotationYaw":1.6102815627944695,"rotationPitch":0,"rotationRoll":0}}},{"id":4,"category":"car","box3d":{"dimension":{"width":1.830218,"length":4.428703,"height":1.5603013},"location":{"x":25.153953943306725,"y":-4.286238870000833,"z":1.3041528421654824},"orientation":{"rotationYaw":-1.5457250790615786,"rotationPitch":0,"rotationRoll":0}}}]}