{"name":"000038","timestamp":0,"index":38,"labels":[{"id":4,"category":"car","box3d":{"dimension":{"width":1.830218,"length":4.428703,"height":1.5603013},"location":{"x":26.044322621034034,"y":-4.196458508610377,"z":1.304152931949834},"orientation":{"rotationYaw":-1.5457250790615786,"rotationPitch":0,"rotationRoll":0}}},{"id":1,"category":"car","box3d":{"dimension":{"width":1.8158137,"length":4.4996257,"height":1.5455308},"location":{"x":13.541741783602452,"y":-4.473055021163487,"z":1.096547262654413},"orientation":{"rotationYaw":-1.5480114880283304,"rotationPitch":0,"rotationRoll":0}}},{"id":0,"category":"car","box3d":{"dimension":{"width":1.92,"length":4.6529536,"height":1.528441},"location":{"x":13.812519518269024,"y":6.044829598341217,"z":1.1357481861872696},"orientation":{"rotationYaw":1.6102815627944695,"rotationPitch":0,"rotationRoll":0}}}]}