{"name":"000032","timestamp":0,"index":32,"labels":[{"id":1,"category":"car","box3d":{"dimension":{"width":1.8158137,"length":4.4996257,"height":1.5455308},"location":{"x":15.376316612002409,"y":-4.4824856911253494,"z":1.0965472532233356},"orientation":{"rotationYaw":-1.5480114880283304,"rotationPitch":0,"rotationRoll":0}}},{"id":0,"category":"car","box3d":{"dimension":{"width":1.92,"length":4.6529536,"height":1.528441},"location":{"x":15.310058927251076,"y":6.002065466481696,"z":1.1357481434212235},"orientation":{"rotationYaw":1.6102815627944695,"rotationPitch":0,"rotationRoll":0}}}]}