{"name":"000034","timestamp":0,"index":34,"labels":[{"id":1,"category":"car","box3d":{"dimension":{"width":1.8158137,"length":4.4996257,"height":1.5455308},"location":{"x":14.792983278669075,"y":-4.390053570963639,"z":1.096547345659564},"orientation":{"rotationYaw":-1.5480114880283304,"rotationPitch":0,"rotationRoll":0}}},{"id":0,"category":"car","box3d":{"dimension":{"width":1.92,"length":4.6529536,"height":1.528441},"location":{"x":14.731740862806785,"y":5.959301334622174,"z":1.1357481006551975},"orientation":{"rotationYaw":1.6102815627944695,"rotationPitch":0,"rotationRoll":0}}}]}