{"name":"000046","timestamp":0,"index":46,"labels":[{"id":1,"category":"car","box3d":{"dimension":{"width":1.8158137,"length":4.4996257,"height":1.5455308},"location":{"x":11.365143156402759,"y":-4.397609661468564,"z":1.0965473381031263},"orientation":{"rotationYaw":-1.5480114880283304,"rotationPitch":0,"rotationRoll":0}}},{"id":0,"category":"car","box3d":{"dimension":{"width":1.92,"length":4.6529536,"height":1.528441},"location":{"x":11.535772611930463,"y":6.044829598341217,"z":1.1357481861872696},"orientation":{"rotationYaw":1.6102815627944695,"rotationPitch":0,"rotationRoll":0}}},{"id":4,"category":"car","box3d":{"dimension":{"width":1.830218,"length":4.428703,"height":1.5603013},"location":{"x":23.750948754160657,"y":-4.645360315562647,"z":1.3041524830280746},"orientation":{"rotationYaw":-1.5457250790615786,"rotationPitch":0,"rotationRoll":0}}}]}