{"name":"000039","timestamp":0,"index":39,"labels":[{"id":1,"category":"car","box3d":{"dimension":{"width":1.8158137,"length":4.4996257,"height":1.5455308},"location":{"x":13.26966695520249,"y":-4.463624351201622,"z":1.096547272085502},"orientation":{"rotationYaw":-1.5480114880283304,"rotationPitch":0,"rotationRoll":0}}},{"id":0,"category":"car","box3d":{"dimension":{"width":1.92,"length":4.6529536,"height":1.528441},"location":{"x":13.471616238175548,"y":6.044829598341217,"z":1.1357481861872696},"orientation":{"rotationYaw":1.6102815627944695,"rotationPitch":0,"rotationRoll":0}}},{"id":4,"category":"car","box3d":{"dimension":{"width":1.830218,"length":4.428703,"height":1.5603013},"location":{"x":25.747533061791597,"y":-4.226385295740529,"z":1.3041529020217169},"orientation":{"rotationYaw":-1.5457250790615786,"rotationPitch":0,"rotationRoll":0}}}]}