{"name":"000030","timestamp":0,"index":30,"labels":[{"id":0,"category":"bicycle","box3d":{"dimension":{"width":0.84,"length":1.27,"height":1.7163767},"location":{"x":5.602824694055077,"y":-2.0115385974507136,"z":1.232216609142864},"orientation":{"rotationYaw":-1.6200000000000003,"rotationPitch":0,"rotationRoll":0}}},{"id":0,"category":"car","box3d":{"dimension":{"width":1.9350764,"length":4.587272,"height":1.6356797},"location":{"x":19.22638753958231,"y":-12.002341491394995,"z":1.5210054303000944},"orientation":{"rotationYaw":2.93,"rotationPitch":0,"rotationRoll":0}}},{"id":1,"category":"bicycle","box3d":{"dimension":{"width":0.9500000000000001,"length":1.260075247586545,"height":1.81},"location":{"x":20.76914134046758,"y":2.681216272209378,"z":1.4127186044476379},"orientation":{"rotationYaw":-0.28,"rotationPitch":0,"rotationRoll":0}}}]}