{"name":"000023","timestamp":0,"index":23,"labels":[{"id":0,"category":"bicycle","box3d":{"dimension":{"width":0.84,"length":1.27,"height":1.7163767},"location":{"x":5.676078315551349,"y":-1.9302867469176237,"z":1.1670470865582823},"orientation":{"rotationYaw":-1.6200000000000003,"rotationPitch":0,"rotationRoll":0}}},{"id":0,"category":"car","box3d":{"dimension":{"width":1.9350764,"length":4.587272,"height":1.6356797},"location":{"x":20.837989444315046,"y":-8.837180717412803,"z":1.521008595601558},"orientation":{"rotationYaw":2.93,"rotationPitch":0,"rotationRoll":0}}}]}