{"name":"000000","timestamp":0,"index":0,"labels":[{"id":0,"category":"car","box3d":{"dimension":{"width":1.9350764,"length":4.587272,"height":1.6356797},"location":{"x":25.077382546115,"y":-0.6082027728485484,"z":1.521016824945277},"orientation":{"rotationYaw":2.93,"rotationPitch":0,"rotationRoll":0}}},{"id":0,"category":"bicycle","box3d":{"dimension":{"width":0.84,"length":1.27,"height":1.7163767},"location":{"x":7.470792042210102,"y":-2.0115385974507136,"z":1.1670470053028117},"orientation":{"rotationYaw":-1.62,"rotationPitch":0,"rotationRoll":0}}}]}