{"name":"000007","timestamp":0,"index":7,"labels":[{"id":0,"category":"bicycle","box3d":{"dimension":{"width":0.84,"length":1.27,"height":1.7163767},"location":{"x":6.701629016499201,"y":-2.0115385974507136,"z":1.167047005302811},"orientation":{"rotationYaw":-1.6200000000000003,"rotationPitch":0,"rotationRoll":0}}},{"id":0,"category":"car","box3d":{"dimension":{"width":1.9350764,"length":4.587272,"height":1.6356797},"location":{"x":23.85266898337279,"y":-2.8025968913990096,"z":1.5210146304536125},"orientation":{"rotationYaw":2.93,"rotationPitch":0,"rotationRoll":0}}}]}