{"name":"000028","timestamp":0,"index":28,"labels":[{"id":0,"category":"bicycle","box3d":{"dimension":{"width":0.84,"length":1.27,"height":1.7163767},"location":{"x":5.615033630971123,"y":-1.9979966223618653,"z":1.1670470188453972},"orientation":{"rotationYaw":-1.6200000000000003,"rotationPitch":0,"rotationRoll":0}}},{"id":0,"category":"car","box3d":{"dimension":{"width":1.9350764,"length":4.587272,"height":1.6356797},"location":{"x":19.749562285162018,"y":-11.007545243301347,"z":1.5210064251405604},"orientation":{"rotationYaw":2.93,"rotationPitch":0,"rotationRoll":0}}}]}