{"name":"000011","timestamp":0,"index":11,"labels":[{"id":0,"category":"bicycle","box3d":{"dimension":{"width":0.84,"length":1.27,"height":1.7163767},"location":{"x":6.371987719765962,"y":-1.8896608216510786,"z":1.1670471271860132},"orientation":{"rotationYaw":-1.6200000000000003,"rotationPitch":0,"rotationRoll":0}}},{"id":0,"category":"car","box3d":{"dimension":{"width":1.9350764,"length":4.587272,"height":1.6356797},"location":{"x":23.004790363012802,"y":-4.3700212617922,"z":1.521013062959583},"orientation":{"rotationYaw":2.93,"rotationPitch":0,"rotationRoll":0}}}]}