{"name":"000002","timestamp":0,"index":2,"labels":[{"id":0,"category":"bicycle","box3d":{"dimension":{"width":0.84,"length":1.27,"height":1.7163767},"location":{"x":7.324284799217548,"y":-2.0115385974507136,"z":1.1670470053028115},"orientation":{"rotationYaw":-1.6200000000000003,"rotationPitch":0,"rotationRoll":0}}},{"id":0,"category":"car","box3d":{"dimension":{"width":1.9350764,"length":4.587272,"height":1.6356797},"location":{"x":24.763353427463148,"y":-1.1655092156550158,"z":1.5210162676140586},"orientation":{"rotationYaw":2.93,"rotationPitch":0,"rotationRoll":0}}}]}