{"name":"000010","timestamp":0,"index":10,"labels":[{"id":0,"category":"bicycle","box3d":{"dimension":{"width":0.84,"length":1.27,"height":1.7163767},"location":{"x":6.454398043949272,"y":-1.9201302656009873,"z":1.1670470967152127},"orientation":{"rotationYaw":-1.6200000000000003,"rotationPitch":0,"rotationRoll":0}}},{"id":0,"category":"car","box3d":{"dimension":{"width":1.9350764,"length":4.587272,"height":1.6356797},"location":{"x":23.2167600181028,"y":-3.978165169193902,"z":1.5210134548330905},"orientation":{"rotationYaw":2.93,"rotationPitch":0,"rotationRoll":0}}}]}