{"name":"000012","timestamp":0,"index":12,"labels":[{"id":0,"category":"bicycle","box3d":{"dimension":{"width":0.84,"length":1.27,"height":1.7163767},"location":{"x":6.328035546868197,"y":-1.8896608216510786,"z":1.1670471271860132},"orientation":{"rotationYaw":-1.6200000000000003,"rotationPitch":0,"rotationRoll":0}}},{"id":0,"category":"car","box3d":{"dimension":{"width":1.9350764,"length":4.587272,"height":1.6356797},"location":{"x":22.847775803686876,"y":-4.6835061358708385,"z":1.521012749460774},"orientation":{"rotationYaw":2.93,"rotationPitch":0,"rotationRoll":0}}}]}