{"name":"000046","timestamp":0,"index":46,"labels":[{"id":0,"category":"bicycle","box3d":{"dimension":{"width":0.84,"length":1.27,"height":1.7163767},"location":{"x":5.540324694055081,"y":-2.0115385974507136,"z":1.232216609142864},"orientation":{"rotationYaw":-1.6200000000000003,"rotationPitch":0,"rotationRoll":0}}},{"id":1,"category":"bicycle","box3d":{"dimension":{"width":0.9500000000000001,"length":1.260075247586545,"height":1.81},"location":{"x":19.90670186793961,"y":-0.5632104297071538,"z":1.4127153598767197},"orientation":{"rotationYaw":-0.28,"rotationPitch":0,"rotationRoll":0}}}]}