{"name":"000009","timestamp":0,"index":9,"labels":[{"id":0,"category":"bicycle","box3d":{"dimension":{"width":0.84,"length":1.27,"height":1.7163767},"location":{"x":6.536808368132581,"y":-1.9505997095508962,"z":1.1670470662444121},"orientation":{"rotationYaw":-1.6200000000000003,"rotationPitch":0,"rotationRoll":0}}},{"id":0,"category":"car","box3d":{"dimension":{"width":1.9350764,"length":4.587272,"height":1.6356797},"location":{"x":23.428729673192798,"y":-3.5863090765956045,"z":1.5210138467065977},"orientation":{"rotationYaw":2.93,"rotationPitch":0,"rotationRoll":0}}}]}