{"name":"000026","timestamp":0,"index":26,"labels":[{"id":0,"category":"bicycle","box3d":{"dimension":{"width":0.84,"length":1.27,"height":1.7163767},"location":{"x":5.639451504803214,"y":-1.9709126721841685,"z":1.167047045930551},"orientation":{"rotationYaw":-1.6200000000000003,"rotationPitch":0,"rotationRoll":0}}},{"id":0,"category":"car","box3d":{"dimension":{"width":1.9350764,"length":4.587272,"height":1.6356797},"location":{"x":20.272737030741727,"y":-10.012748995207698,"z":1.5210074199810266},"orientation":{"rotationYaw":2.93,"rotationPitch":0,"rotationRoll":0}}}]}