{"name":"000025","timestamp":0,"index":25,"labels":[{"id":0,"category":"bicycle","box3d":{"dimension":{"width":0.84,"length":1.27,"height":1.7163767},"location":{"x":5.651660441719259,"y":-1.9573706970953202,"z":1.1670470594731281},"orientation":{"rotationYaw":-1.6200000000000003,"rotationPitch":0,"rotationRoll":0}}},{"id":0,"category":"car","box3d":{"dimension":{"width":1.9350764,"length":4.587272,"height":1.6356797},"location":{"x":20.461154501932832,"y":-9.620892902609398,"z":1.521007811854537},"orientation":{"rotationYaw":2.93,"rotationPitch":0,"rotationRoll":0}}}]}