{"name":"000029","timestamp":0,"index":29,"labels":[{"id":0,"category":"bicycle","box3d":{"dimension":{"width":0.84,"length":1.27,"height":1.7163767},"location":{"x":5.602824694055077,"y":-2.0115385974507136,"z":1.232216609142864},"orientation":{"rotationYaw":-1.6200000000000003,"rotationPitch":0,"rotationRoll":0}}},{"id":0,"category":"car","box3d":{"dimension":{"width":1.9350764,"length":4.587272,"height":1.6356797},"location":{"x":19.487974912372163,"y":-11.50494336734817,"z":1.5210059277203274},"orientation":{"rotationYaw":2.93,"rotationPitch":0,"rotationRoll":0}}},{"id":1,"category":"bicycle","box3d":{"dimension":{"width":0.9500000000000001,"length":1.260075247586545,"height":1.81},"location":{"x":20.833220904394928,"y":2.8589065707946455,"z":1.412718782145835},"orientation":{"rotationYaw":-0.28,"rotationPitch":0,"rotationRoll":0}}}]}