{"name":"000031","timestamp":0,"index":31,"labels":[{"id":0,"category":"bicycle","box3d":{"dimension":{"width":0.84,"length":1.27,"height":1.7163767},"location":{"x":5.602824694055077,"y":-2.0115385974507136,"z":1.232216609142864},"orientation":{"rotationYaw":-1.6200000000000003,"rotationPitch":0,"rotationRoll":0}}},{"id":1,"category":"bicycle","box3d":{"dimension":{"width":0.9500000000000001,"length":1.260075247586545,"height":1.81},"location":{"x":20.705061776540234,"y":2.503525973624111,"z":1.412718426749441},"orientation":{"rotationYaw":-0.28,"rotationPitch":0,"rotationRoll":0}}}]}