{"name":"000008","timestamp":0,"index":8,"labels":[{"id":0,"category":"bicycle","box3d":{"dimension":{"width":0.84,"length":1.27,"height":1.7163767},"location":{"x":6.619218692315891,"y":-1.981069153500805,"z":1.1670470357736116},"orientation":{"rotationYaw":-1.6200000000000003,"rotationPitch":0,"rotationRoll":0}}},{"id":0,"category":"car","box3d":{"dimension":{"width":1.9350764,"length":4.587272,"height":1.6356797},"location":{"x":23.640699328282793,"y":-3.1944529839973073,"z":1.521014238580105},"orientation":{"rotationYaw":2.93,"rotationPitch":0,"rotationRoll":0}}}]}