{"name":"000020","timestamp":0,"index":20,"labels":[{"id":0,"category":"bicycle","box3d":{"dimension":{"width":0.84,"length":1.27,"height":1.7163767},"location":{"x":5.712705126299485,"y":-1.8896608216510786,"z":1.1670471271860132},"orientation":{"rotationYaw":-1.6200000000000003,"rotationPitch":0,"rotationRoll":0}}},{"id":0,"category":"car","box3d":{"dimension":{"width":1.9350764,"length":4.587272,"height":1.6356797},"location":{"x":21.35613749009059,"y":-7.818354876657225,"z":1.5210096144726848},"orientation":{"rotationYaw":2.93,"rotationPitch":0,"rotationRoll":0}}}]}