{"name":"000001","timestamp":0,"index":1,"labels":[{"id":0,"category":"bicycle","box3d":{"dimension":{"width":0.84,"length":1.27,"height":1.7163767},"location":{"x":7.3975384207138255,"y":-2.0115385974507136,"z":1.1670470053028117},"orientation":{"rotationYaw":-1.62,"rotationPitch":0,"rotationRoll":0}}},{"id":0,"category":"car","box3d":{"dimension":{"width":1.9350764,"length":4.587272,"height":1.6356797},"location":{"x":24.920367986789074,"y":-0.8868559942517822,"z":1.5210165462796679},"orientation":{"rotationYaw":2.93,"rotationPitch":0,"rotationRoll":0}}}]}