{"name":"000027","timestamp":0,"index":27,"labels":[{"id":0,"category":"bicycle","box3d":{"dimension":{"width":0.84,"length":1.27,"height":1.7163767},"location":{"x":5.627242567887168,"y":-1.984454647273017,"z":1.1670470323879742},"orientation":{"rotationYaw":-1.6200000000000003,"rotationPitch":0,"rotationRoll":0}}},{"id":0,"category":"car","box3d":{"dimension":{"width":1.9350764,"length":4.587272,"height":1.6356797},"location":{"x":20.011149657951872,"y":-10.510147119254523,"z":1.5210069225607936},"orientation":{"rotationYaw":2.93,"rotationPitch":0,"rotationRoll":0}}}]}