{"name":"000006","timestamp":0,"index":6,"labels":[{"id":0,"category":"bicycle","box3d":{"dimension":{"width":0.84,"length":1.27,"height":1.7163767},"location":{"x":6.838979556804718,"y":-2.0115385974507136,"z":1.1670470053028112},"orientation":{"rotationYaw":-1.6200000000000003,"rotationPitch":0,"rotationRoll":0}}},{"id":0,"category":"car","box3d":{"dimension":{"width":1.9350764,"length":4.587272,"height":1.6356797},"location":{"x":24.0410864545639,"y":-2.4629882778138197,"z":1.5210149700773217},"orientation":{"rotationYaw":2.93,"rotationPitch":0,"rotationRoll":0}}}]}