{"name":"000024","timestamp":0,"index":24,"labels":[{"id":0,"category":"bicycle","box3d":{"dimension":{"width":0.84,"length":1.27,"height":1.7163767},"location":{"x":5.663869378635304,"y":-1.943828722006472,"z":1.1670470730157052},"orientation":{"rotationYaw":-1.6200000000000003,"rotationPitch":0,"rotationRoll":0}}},{"id":0,"category":"car","box3d":{"dimension":{"width":1.9350764,"length":4.587272,"height":1.6356797},"location":{"x":20.64957197312394,"y":-9.2290368100111,"z":1.5210082037280475},"orientation":{"rotationYaw":2.93,"rotationPitch":0,"rotationRoll":0}}}]}