{"name":"000021","timestamp":0,"index":21,"labels":[{"id":0,"category":"bicycle","box3d":{"dimension":{"width":0.84,"length":1.27,"height":1.7163767},"location":{"x":5.70049618938344,"y":-1.903202796739927,"z":1.1670471136434362},"orientation":{"rotationYaw":-1.6200000000000003,"rotationPitch":0,"rotationRoll":0}}},{"id":0,"category":"car","box3d":{"dimension":{"width":1.9350764,"length":4.587272,"height":1.6356797},"location":{"x":21.19127220279837,"y":-8.131839750735864,"z":1.5210093009738765},"orientation":{"rotationYaw":2.93,"rotationPitch":0,"rotationRoll":0}}}]}