{"name":"000022","timestamp":0,"index":22,"labels":[{"id":0,"category":"bicycle","box3d":{"dimension":{"width":0.84,"length":1.27,"height":1.7163767},"location":{"x":5.688287252467394,"y":-1.9167447718287753,"z":1.167047100100859},"orientation":{"rotationYaw":-1.6200000000000003,"rotationPitch":0,"rotationRoll":0}}},{"id":0,"category":"car","box3d":{"dimension":{"width":1.9350764,"length":4.587272,"height":1.6356797},"location":{"x":21.02640691550615,"y":-8.445324624814504,"z":1.5210089874750683},"orientation":{"rotationYaw":2.93,"rotationPitch":0,"rotationRoll":0}}}]}