{"name":"000013","timestamp":0,"index":13,"labels":[{"id":0,"category":"bicycle","box3d":{"dimension":{"width":0.84,"length":1.27,"height":1.7163767},"location":{"x":6.2840833739704305,"y":-1.8896608216510786,"z":1.1670471271860132},"orientation":{"rotationYaw":-1.6200000000000003,"rotationPitch":0,"rotationRoll":0}}},{"id":0,"category":"car","box3d":{"dimension":{"width":1.9350764,"length":4.587272,"height":1.6356797},"location":{"x":22.690761244360953,"y":-4.996991009949476,"z":1.5210124359619648},"orientation":{"rotationYaw":2.93,"rotationPitch":0,"rotationRoll":0}}}]}