{"name":"000003","timestamp":0,"index":3,"labels":[{"id":1,"category":"car","box3d":{"dimension":{"width":1.8681818,"length":4.458732,"height":1.5740952},"location":{"x":10.052889892299163,"y":-6.197726149558395,"z":1.236974148619562},"orientation":{"rotationYaw":-0.14,"rotationPitch":0,"rotationRoll":0}}},{"id":2,"category":"car","box3d":{"dimension":{"width":1.8982722,"length":4.5041423,"height":1.7031236},"location":{"x":15.52030814684454,"y":-7.0385815790700725,"z":1.3397088582011931},"orientation":{"rotationYaw":-0.24000000000000002,"rotationPitch":0,"rotationRoll":0}}}]}