{"name":"000007","timestamp":0,"index":7,"labels":[{"id":1,"category":"car","box3d":{"dimension":{"width":1.8681818,"length":4.458732,"height":1.5740952},"location":{"x":9.134354720242504,"y":-6.276097368078053,"z":1.236974070244858},"orientation":{"rotationYaw":-0.14,"rotationPitch":0,"rotationRoll":0}}},{"id":2,"category":"car","box3d":{"dimension":{"width":1.8982722,"length":4.5041423,"height":1.7031236},"location":{"x":14.507564239192329,"y":-6.75122044449799,"z":1.3397091455750907},"orientation":{"rotationYaw":-0.24000000000000002,"rotationPitch":0,"rotationRoll":0}}}]}