{"name":"000000","timestamp":0,"index":0,"labels":[{"id":1,"category":"car","box3d":{"dimension":{"width":1.8681818,"length":4.458732,"height":1.5740952},"location":{"x":10.900768512659159,"y":-6.197726149558396,"z":1.236974148619563},"orientation":{"rotationYaw":-0.14,"rotationPitch":0,"rotationRoll":0}}},{"id":2,"category":"car","box3d":{"dimension":{"width":1.8982722,"length":4.5041423,"height":1.7031236},"location":{"x":16.188843318901196,"y":-6.960210360550417,"z":1.3397089365758967},"orientation":{"rotationYaw":-0.24,"rotationPitch":0,"rotationRoll":0}}}]}