{"name":"000002","timestamp":0,"index":2,"labels":[{"id":1,"category":"car","box3d":{"dimension":{"width":1.8681818,"length":4.458732,"height":1.5740952},"location":{"x":10.33551609908583,"y":-6.197726149558395,"z":1.2369741486195622},"orientation":{"rotationYaw":-0.14,"rotationPitch":0,"rotationRoll":0}}},{"id":2,"category":"car","box3d":{"dimension":{"width":1.8982722,"length":4.5041423,"height":1.7031236},"location":{"x":15.82648653753009,"y":-7.01245783956352,"z":1.3397088843260945},"orientation":{"rotationYaw":-0.24,"rotationPitch":0,"rotationRoll":0}}}]}