{"name":"000001","timestamp":0,"index":1,"labels":[{"id":1,"category":"car","box3d":{"dimension":{"width":1.8681818,"length":4.458732,"height":1.5740952},"location":{"x":10.618142305872494,"y":-6.197726149558396,"z":1.2369741486195625},"orientation":{"rotationYaw":-0.14,"rotationPitch":0,"rotationRoll":0}}},{"id":2,"category":"car","box3d":{"dimension":{"width":1.8982722,"length":4.5041423,"height":1.7031236},"location":{"x":16.132664928215643,"y":-6.986334100056967,"z":1.3397089104509958},"orientation":{"rotationYaw":-0.24,"rotationPitch":0,"rotationRoll":0}}}]}